source_id,provider,source_url,record_count,retrieved_at,license_review_required
SRC-0001,101hotels.com,https://101hotels.com/uzbekistan/tashkent/apart,2,2026-07-19,Проверить
SRC-0002,101hotels.com,https://101hotels.com/uzbekistan/tashkent/district/mirabadsky_rayon,1,2026-07-19,Проверить
SRC-0003,2GIS,,103,2026-07-19,Да
SRC-0004,2GIS,https://2gis.uz/tashkent/branches/70000001036339557,1,2026-07-19,Да
SRC-0005,2GIS,https://2gis.uz/tashkent/branches/70000001036389367,1,2026-07-19,Да
SRC-0006,2GIS,https://2gis.uz/tashkent/branches/70000001036389370,1,2026-07-19,Да
SRC-0007,2GIS,https://2gis.uz/tashkent/branches/70000001036447830,1,2026-07-19,Да
SRC-0008,2GIS,https://2gis.uz/tashkent/branches/70000001036467640,1,2026-07-19,Да
SRC-0009,2GIS,https://2gis.uz/tashkent/branches/70000001036591390,1,2026-07-19,Да
SRC-0010,2GIS,https://2gis.uz/tashkent/branches/70000001067353346,1,2026-07-19,Да
SRC-0011,2GIS,https://2gis.uz/tashkent/branches/70000001082474421,1,2026-07-19,Да
SRC-0012,2GIS,https://2gis.uz/tashkent/branches/70000001097171146,1,2026-07-19,Да
SRC-0013,2GIS,https://2gis.uz/tashkent/branches/70000001112410666,1,2026-07-19,Да
SRC-0014,2GIS,https://2gis.uz/tashkent/firm/70000001036722997,1,2026-07-19,Да
SRC-0015,2GIS,https://2gis.uz/tashkent/firm/70000001036776206,1,2026-07-19,Да
SRC-0016,2GIS,https://2gis.uz/tashkent/firm/70000001036824728,1,2026-07-19,Да
SRC-0017,2GIS,https://2gis.uz/tashkent/firm/70000001037129533,1,2026-07-19,Да
SRC-0018,2GIS,https://2gis.uz/tashkent/firm/70000001037129998,1,2026-07-19,Да
SRC-0019,2GIS,https://2gis.uz/tashkent/firm/70000001037238756,1,2026-07-19,Да
SRC-0020,2GIS,https://2gis.uz/tashkent/firm/70000001037878249,1,2026-07-19,Да
SRC-0021,2GIS,https://2gis.uz/tashkent/firm/70000001038051332,1,2026-07-19,Да
SRC-0022,2GIS,https://2gis.uz/tashkent/firm/70000001038176252,1,2026-07-19,Да
SRC-0023,2GIS,https://2gis.uz/tashkent/firm/70000001038443805,1,2026-07-19,Да
SRC-0024,2GIS,https://2gis.uz/tashkent/firm/70000001039979374,1,2026-07-19,Да
SRC-0025,2GIS,https://2gis.uz/tashkent/firm/70000001044930229,1,2026-07-19,Да
SRC-0026,2GIS,https://2gis.uz/tashkent/firm/70000001046538505,1,2026-07-19,Да
SRC-0027,2GIS,https://2gis.uz/tashkent/firm/70000001049186178,1,2026-07-19,Да
SRC-0028,2GIS,https://2gis.uz/tashkent/firm/70000001049189620,1,2026-07-19,Да
SRC-0029,2GIS,https://2gis.uz/tashkent/firm/70000001051325444,1,2026-07-19,Да
SRC-0030,2GIS,https://2gis.uz/tashkent/firm/70000001067871608,1,2026-07-19,Да
SRC-0031,2GIS,https://2gis.uz/tashkent/firm/70000001068898960,1,2026-07-19,Да
SRC-0032,2GIS,https://2gis.uz/tashkent/firm/70000001075023555,1,2026-07-19,Да
SRC-0033,2GIS,https://2gis.uz/tashkent/firm/70000001075784334,1,2026-07-19,Да
SRC-0034,2GIS,https://2gis.uz/tashkent/firm/70000001084203017,1,2026-07-19,Да
SRC-0035,2GIS,https://2gis.uz/tashkent/firm/70000001084431662,1,2026-07-19,Да
SRC-0036,2GIS,https://2gis.uz/tashkent/firm/70000001087816862,1,2026-07-19,Да
SRC-0037,2GIS,https://2gis.uz/tashkent/firm/70000001096959290,1,2026-07-19,Да
SRC-0038,2GIS,https://2gis.uz/tashkent/firm/70000001097834818,1,2026-07-19,Да
SRC-0039,2GIS,https://2gis.uz/tashkent/firm/70000001109526435,1,2026-07-19,Да
SRC-0040,2GIS,https://2gis.uz/tashkent/firm/70000001112713831,1,2026-07-19,Да
SRC-0041,2GIS,https://2gis.uz/tashkent/search/%D0%90%D0%BD%D1%85%D0%BE%D1%80%20%D0%BB%D0%B0%D0%B7%D0%B5%D1%80%D1%82%D0%B0%D0%B3,1,2026-07-19,Да
SRC-0042,2GIS,https://2gis.uz/tashkent/search/%D0%9E%D1%82%D0%B5%D0%BB%D0%B8%20%D0%A2%D0%B0%D1%88%D0%BA%D0%B5%D0%BD%D1%82%D0%B0,1,2026-07-19,Да
SRC-0043,2GIS,https://2gis.uz/tashkent/search/%D0%9F%D0%B0%D1%80%D0%BA%D0%B5%D0%BD%D1%82%D1%81%D0%BA%D0%B0%D1%8F%20%D1%80%D1%8B%D0%BD%D0%BE%D0%BA,1,2026-07-19,Да
SRC-0044,2GIS,https://2gis.uz/tashkent/search/%D0%A3%D0%BD%D0%B8%D0%B2%D0%B5%D1%80%D1%81%D0%B8%D1%82%D0%B5%D1%82%D1%8B%20%D1%87%D0%B0%D1%81%D1%82%D0%BD%D1%8B%D0%B5,4,2026-07-19,Да
SRC-0045,2GIS,https://2gis.uz/tashkent/search/%D0%A4%D0%B0%D1%81%D1%82%20%D1%84%D1%83%D0%B4%20%D1%82%D0%B0%D1%88%D0%BA%D0%B5%D0%BD%D1%82%20%D1%81%D0%B8%D1%82%D0%B8%20%D0%BC%D0%BE%D0%BB,1,2026-07-19,Да
SRC-0046,2GIS,https://2gis.uz/tashkent/search/Qahva%2C%20%D1%82%D0%BE%D1%87%D0%BA%D0%B0%20%D0%BA%D0%BE%D1%84%D0%B5,1,2026-07-19,Да
SRC-0047,2GIS,https://2gis.uz/tashkent/search/Жилые%20комплексы,4,2026-07-19,Да
SRC-0048,GoldenPages,,26,2026-07-19,Проверить
SRC-0049,GoldenPages,https://www.goldenpages.uz/en/company/?Id=100247,1,2026-07-19,Проверить
SRC-0050,GoldenPages,https://www.goldenpages.uz/en/company/?Id=100444,1,2026-07-19,Проверить
SRC-0051,GoldenPages,https://www.goldenpages.uz/en/company/?Id=100632,1,2026-07-19,Проверить
SRC-0052,GoldenPages,https://www.goldenpages.uz/en/company/?Id=100709,1,2026-07-19,Проверить
SRC-0053,GoldenPages,https://www.goldenpages.uz/en/company/?Id=100756,1,2026-07-19,Проверить
SRC-0054,GoldenPages,https://www.goldenpages.uz/en/company/?Id=101146,1,2026-07-19,Проверить
SRC-0055,GoldenPages,https://www.goldenpages.uz/en/company/?Id=101300,1,2026-07-19,Проверить
SRC-0056,GoldenPages,https://www.goldenpages.uz/en/company/?Id=101448,1,2026-07-19,Проверить
SRC-0057,GoldenPages,https://www.goldenpages.uz/en/company/?Id=101559,1,2026-07-19,Проверить
SRC-0058,GoldenPages,https://www.goldenpages.uz/en/company/?Id=101611,1,2026-07-19,Проверить
SRC-0059,GoldenPages,https://www.goldenpages.uz/en/company/?Id=101763,1,2026-07-19,Проверить
SRC-0060,GoldenPages,https://www.goldenpages.uz/en/company/?Id=101767,1,2026-07-19,Проверить
SRC-0061,GoldenPages,https://www.goldenpages.uz/en/company/?Id=101786,1,2026-07-19,Проверить
SRC-0062,GoldenPages,https://www.goldenpages.uz/en/company/?Id=101953,1,2026-07-19,Проверить
SRC-0063,GoldenPages,https://www.goldenpages.uz/en/company/?Id=102085,1,2026-07-19,Проверить
SRC-0064,GoldenPages,https://www.goldenpages.uz/en/company/?Id=102106,1,2026-07-19,Проверить
SRC-0065,GoldenPages,https://www.goldenpages.uz/en/company/?Id=102151,1,2026-07-19,Проверить
SRC-0066,GoldenPages,https://www.goldenpages.uz/en/company/?Id=102300,1,2026-07-19,Проверить
SRC-0067,GoldenPages,https://www.goldenpages.uz/en/company/?Id=102670,1,2026-07-19,Проверить
SRC-0068,GoldenPages,https://www.goldenpages.uz/en/company/?Id=102671,1,2026-07-19,Проверить
SRC-0069,GoldenPages,https://www.goldenpages.uz/en/company/?Id=102785,1,2026-07-19,Проверить
SRC-0070,GoldenPages,https://www.goldenpages.uz/en/company/?Id=102911,1,2026-07-19,Проверить
SRC-0071,GoldenPages,https://www.goldenpages.uz/en/company/?Id=103007,1,2026-07-19,Проверить
SRC-0072,GoldenPages,https://www.goldenpages.uz/en/company/?Id=103092,1,2026-07-19,Проверить
SRC-0073,GoldenPages,https://www.goldenpages.uz/en/company/?Id=103166,1,2026-07-19,Проверить
SRC-0074,GoldenPages,https://www.goldenpages.uz/en/company/?Id=103250,1,2026-07-19,Проверить
SRC-0075,GoldenPages,https://www.goldenpages.uz/en/company/?Id=103614,1,2026-07-19,Проверить
SRC-0076,GoldenPages,https://www.goldenpages.uz/en/company/?Id=103878,1,2026-07-19,Проверить
SRC-0077,GoldenPages,https://www.goldenpages.uz/en/company/?Id=103912,1,2026-07-19,Проверить
SRC-0078,GoldenPages,https://www.goldenpages.uz/en/company/?Id=103985,1,2026-07-19,Проверить
SRC-0079,GoldenPages,https://www.goldenpages.uz/en/company/?Id=104382,1,2026-07-19,Проверить
SRC-0080,GoldenPages,https://www.goldenpages.uz/en/company/?Id=104658,1,2026-07-19,Проверить
SRC-0081,GoldenPages,https://www.goldenpages.uz/en/company/?Id=104680,1,2026-07-19,Проверить
SRC-0082,GoldenPages,https://www.goldenpages.uz/en/company/?Id=104681,1,2026-07-19,Проверить
SRC-0083,GoldenPages,https://www.goldenpages.uz/en/company/?Id=104803,1,2026-07-19,Проверить
SRC-0084,GoldenPages,https://www.goldenpages.uz/en/company/?Id=104904,1,2026-07-19,Проверить
SRC-0085,GoldenPages,https://www.goldenpages.uz/en/company/?Id=105509,1,2026-07-19,Проверить
SRC-0086,GoldenPages,https://www.goldenpages.uz/en/company/?Id=106600,1,2026-07-19,Проверить
SRC-0087,GoldenPages,https://www.goldenpages.uz/en/company/?Id=107042,1,2026-07-19,Проверить
SRC-0088,GoldenPages,https://www.goldenpages.uz/en/company/?Id=107652,1,2026-07-19,Проверить
SRC-0089,GoldenPages,https://www.goldenpages.uz/en/company/?Id=108348,1,2026-07-19,Проверить
SRC-0090,GoldenPages,https://www.goldenpages.uz/en/company/?Id=108349,1,2026-07-19,Проверить
SRC-0091,GoldenPages,https://www.goldenpages.uz/en/company/?Id=108507,1,2026-07-19,Проверить
SRC-0092,GoldenPages,https://www.goldenpages.uz/en/company/?Id=109560,1,2026-07-19,Проверить
SRC-0093,GoldenPages,https://www.goldenpages.uz/en/company/?Id=109659,1,2026-07-19,Проверить
SRC-0094,GoldenPages,https://www.goldenpages.uz/en/company/?Id=109709,1,2026-07-19,Проверить
SRC-0095,GoldenPages,https://www.goldenpages.uz/en/company/?Id=110443,1,2026-07-19,Проверить
SRC-0096,GoldenPages,https://www.goldenpages.uz/en/company/?Id=118432,1,2026-07-19,Проверить
SRC-0097,GoldenPages,https://www.goldenpages.uz/en/company/?Id=118433,1,2026-07-19,Проверить
SRC-0098,GoldenPages,https://www.goldenpages.uz/en/company/?Id=118434,1,2026-07-19,Проверить
SRC-0099,GoldenPages,https://www.goldenpages.uz/en/company/?Id=118435,1,2026-07-19,Проверить
SRC-0100,GoldenPages,https://www.goldenpages.uz/en/company/?Id=120785,1,2026-07-19,Проверить
SRC-0101,GoldenPages,https://www.goldenpages.uz/en/company/?Id=40810,1,2026-07-19,Проверить
SRC-0102,GoldenPages,https://www.goldenpages.uz/en/company/?Id=43060,1,2026-07-19,Проверить
SRC-0103,GoldenPages,https://www.goldenpages.uz/en/company/?Id=43490,1,2026-07-19,Проверить
SRC-0104,GoldenPages,https://www.goldenpages.uz/en/company/?Id=43498,1,2026-07-19,Проверить
SRC-0105,GoldenPages,https://www.goldenpages.uz/en/company/?Id=43499,1,2026-07-19,Проверить
SRC-0106,GoldenPages,https://www.goldenpages.uz/en/company/?Id=43500,1,2026-07-19,Проверить
SRC-0107,GoldenPages,https://www.goldenpages.uz/en/company/?Id=43501,1,2026-07-19,Проверить
SRC-0108,GoldenPages,https://www.goldenpages.uz/en/company/?Id=43505,1,2026-07-19,Проверить
SRC-0109,GoldenPages,https://www.goldenpages.uz/en/company/?Id=43506,1,2026-07-19,Проверить
SRC-0110,GoldenPages,https://www.goldenpages.uz/en/company/?Id=43508,1,2026-07-19,Проверить
SRC-0111,GoldenPages,https://www.goldenpages.uz/en/company/?Id=43509,1,2026-07-19,Проверить
SRC-0112,GoldenPages,https://www.goldenpages.uz/en/company/?Id=43511,1,2026-07-19,Проверить
SRC-0113,GoldenPages,https://www.goldenpages.uz/en/company/?Id=43512,1,2026-07-19,Проверить
SRC-0114,GoldenPages,https://www.goldenpages.uz/en/company/?Id=43515,1,2026-07-19,Проверить
SRC-0115,GoldenPages,https://www.goldenpages.uz/en/company/?Id=43516,1,2026-07-19,Проверить
SRC-0116,GoldenPages,https://www.goldenpages.uz/en/company/?Id=43517,1,2026-07-19,Проверить
SRC-0117,GoldenPages,https://www.goldenpages.uz/en/company/?Id=43518,1,2026-07-19,Проверить
SRC-0118,GoldenPages,https://www.goldenpages.uz/en/company/?Id=43520,1,2026-07-19,Проверить
SRC-0119,GoldenPages,https://www.goldenpages.uz/en/company/?Id=43523,1,2026-07-19,Проверить
SRC-0120,GoldenPages,https://www.goldenpages.uz/en/company/?Id=43524,1,2026-07-19,Проверить
SRC-0121,GoldenPages,https://www.goldenpages.uz/en/company/?Id=43526,1,2026-07-19,Проверить
SRC-0122,GoldenPages,https://www.goldenpages.uz/en/company/?Id=43527,1,2026-07-19,Проверить
SRC-0123,GoldenPages,https://www.goldenpages.uz/en/company/?Id=43531,1,2026-07-19,Проверить
SRC-0124,GoldenPages,https://www.goldenpages.uz/en/company/?Id=43532,1,2026-07-19,Проверить
SRC-0125,GoldenPages,https://www.goldenpages.uz/en/company/?Id=43533,1,2026-07-19,Проверить
SRC-0126,GoldenPages,https://www.goldenpages.uz/en/company/?Id=43534,1,2026-07-19,Проверить
SRC-0127,GoldenPages,https://www.goldenpages.uz/en/company/?Id=43536,1,2026-07-19,Проверить
SRC-0128,GoldenPages,https://www.goldenpages.uz/en/company/?Id=43537,1,2026-07-19,Проверить
SRC-0129,GoldenPages,https://www.goldenpages.uz/en/company/?Id=43538,1,2026-07-19,Проверить
SRC-0130,GoldenPages,https://www.goldenpages.uz/en/company/?Id=43541,1,2026-07-19,Проверить
SRC-0131,GoldenPages,https://www.goldenpages.uz/en/company/?Id=43542,1,2026-07-19,Проверить
SRC-0132,GoldenPages,https://www.goldenpages.uz/en/company/?Id=43543,1,2026-07-19,Проверить
SRC-0133,GoldenPages,https://www.goldenpages.uz/en/company/?Id=43544,1,2026-07-19,Проверить
SRC-0134,GoldenPages,https://www.goldenpages.uz/en/company/?Id=43549,1,2026-07-19,Проверить
SRC-0135,GoldenPages,https://www.goldenpages.uz/en/company/?Id=43551,1,2026-07-19,Проверить
SRC-0136,GoldenPages,https://www.goldenpages.uz/en/company/?Id=43554,1,2026-07-19,Проверить
SRC-0137,GoldenPages,https://www.goldenpages.uz/en/company/?Id=43555,1,2026-07-19,Проверить
SRC-0138,GoldenPages,https://www.goldenpages.uz/en/company/?Id=43556,1,2026-07-19,Проверить
SRC-0139,GoldenPages,https://www.goldenpages.uz/en/company/?Id=43557,1,2026-07-19,Проверить
SRC-0140,GoldenPages,https://www.goldenpages.uz/en/company/?Id=43559,1,2026-07-19,Проверить
SRC-0141,GoldenPages,https://www.goldenpages.uz/en/company/?Id=43562,1,2026-07-19,Проверить
SRC-0142,GoldenPages,https://www.goldenpages.uz/en/company/?Id=43564,1,2026-07-19,Проверить
SRC-0143,GoldenPages,https://www.goldenpages.uz/en/company/?Id=43567,1,2026-07-19,Проверить
SRC-0144,GoldenPages,https://www.goldenpages.uz/en/company/?Id=43569,1,2026-07-19,Проверить
SRC-0145,GoldenPages,https://www.goldenpages.uz/en/company/?Id=43570,1,2026-07-19,Проверить
SRC-0146,GoldenPages,https://www.goldenpages.uz/en/company/?Id=43572,1,2026-07-19,Проверить
SRC-0147,GoldenPages,https://www.goldenpages.uz/en/company/?Id=43574,1,2026-07-19,Проверить
SRC-0148,GoldenPages,https://www.goldenpages.uz/en/company/?Id=43575,1,2026-07-19,Проверить
SRC-0149,GoldenPages,https://www.goldenpages.uz/en/company/?Id=43577,1,2026-07-19,Проверить
SRC-0150,GoldenPages,https://www.goldenpages.uz/en/company/?Id=43578,1,2026-07-19,Проверить
SRC-0151,GoldenPages,https://www.goldenpages.uz/en/company/?Id=43579,1,2026-07-19,Проверить
SRC-0152,GoldenPages,https://www.goldenpages.uz/en/company/?Id=43581,1,2026-07-19,Проверить
SRC-0153,GoldenPages,https://www.goldenpages.uz/en/company/?Id=43582,1,2026-07-19,Проверить
SRC-0154,GoldenPages,https://www.goldenpages.uz/en/company/?Id=43584,1,2026-07-19,Проверить
SRC-0155,GoldenPages,https://www.goldenpages.uz/en/company/?Id=43588,1,2026-07-19,Проверить
SRC-0156,GoldenPages,https://www.goldenpages.uz/en/company/?Id=43591,1,2026-07-19,Проверить
SRC-0157,GoldenPages,https://www.goldenpages.uz/en/company/?Id=43594,1,2026-07-19,Проверить
SRC-0158,GoldenPages,https://www.goldenpages.uz/en/company/?Id=43595,1,2026-07-19,Проверить
SRC-0159,GoldenPages,https://www.goldenpages.uz/en/company/?Id=43596,1,2026-07-19,Проверить
SRC-0160,GoldenPages,https://www.goldenpages.uz/en/company/?Id=43597,1,2026-07-19,Проверить
SRC-0161,GoldenPages,https://www.goldenpages.uz/en/company/?Id=43599,1,2026-07-19,Проверить
SRC-0162,GoldenPages,https://www.goldenpages.uz/en/company/?Id=43601,1,2026-07-19,Проверить
SRC-0163,GoldenPages,https://www.goldenpages.uz/en/company/?Id=43602,1,2026-07-19,Проверить
SRC-0164,GoldenPages,https://www.goldenpages.uz/en/company/?Id=43603,1,2026-07-19,Проверить
SRC-0165,GoldenPages,https://www.goldenpages.uz/en/company/?Id=43607,1,2026-07-19,Проверить
SRC-0166,GoldenPages,https://www.goldenpages.uz/en/company/?Id=43608,1,2026-07-19,Проверить
SRC-0167,GoldenPages,https://www.goldenpages.uz/en/company/?Id=43609,1,2026-07-19,Проверить
SRC-0168,GoldenPages,https://www.goldenpages.uz/en/company/?Id=43610,1,2026-07-19,Проверить
SRC-0169,GoldenPages,https://www.goldenpages.uz/en/company/?Id=43612,1,2026-07-19,Проверить
SRC-0170,GoldenPages,https://www.goldenpages.uz/en/company/?Id=43613,1,2026-07-19,Проверить
SRC-0171,GoldenPages,https://www.goldenpages.uz/en/company/?Id=43615,1,2026-07-19,Проверить
SRC-0172,GoldenPages,https://www.goldenpages.uz/en/company/?Id=43616,1,2026-07-19,Проверить
SRC-0173,GoldenPages,https://www.goldenpages.uz/en/company/?Id=43618,1,2026-07-19,Проверить
SRC-0174,GoldenPages,https://www.goldenpages.uz/en/company/?Id=43619,1,2026-07-19,Проверить
SRC-0175,GoldenPages,https://www.goldenpages.uz/en/company/?Id=43620,1,2026-07-19,Проверить
SRC-0176,GoldenPages,https://www.goldenpages.uz/en/company/?Id=43623,1,2026-07-19,Проверить
SRC-0177,GoldenPages,https://www.goldenpages.uz/en/company/?Id=43624,1,2026-07-19,Проверить
SRC-0178,GoldenPages,https://www.goldenpages.uz/en/company/?Id=43625,1,2026-07-19,Проверить
SRC-0179,GoldenPages,https://www.goldenpages.uz/en/company/?Id=43626,1,2026-07-19,Проверить
SRC-0180,GoldenPages,https://www.goldenpages.uz/en/company/?Id=43627,1,2026-07-19,Проверить
SRC-0181,GoldenPages,https://www.goldenpages.uz/en/company/?Id=43628,1,2026-07-19,Проверить
SRC-0182,GoldenPages,https://www.goldenpages.uz/en/company/?Id=43629,1,2026-07-19,Проверить
SRC-0183,GoldenPages,https://www.goldenpages.uz/en/company/?Id=43630,1,2026-07-19,Проверить
SRC-0184,GoldenPages,https://www.goldenpages.uz/en/company/?Id=43631,1,2026-07-19,Проверить
SRC-0185,GoldenPages,https://www.goldenpages.uz/en/company/?Id=43632,1,2026-07-19,Проверить
SRC-0186,GoldenPages,https://www.goldenpages.uz/en/company/?Id=43634,1,2026-07-19,Проверить
SRC-0187,GoldenPages,https://www.goldenpages.uz/en/company/?Id=43637,1,2026-07-19,Проверить
SRC-0188,GoldenPages,https://www.goldenpages.uz/en/company/?Id=43638,1,2026-07-19,Проверить
SRC-0189,GoldenPages,https://www.goldenpages.uz/en/company/?Id=43639,1,2026-07-19,Проверить
SRC-0190,GoldenPages,https://www.goldenpages.uz/en/company/?Id=43640,1,2026-07-19,Проверить
SRC-0191,GoldenPages,https://www.goldenpages.uz/en/company/?Id=43641,1,2026-07-19,Проверить
SRC-0192,GoldenPages,https://www.goldenpages.uz/en/company/?Id=43642,1,2026-07-19,Проверить
SRC-0193,GoldenPages,https://www.goldenpages.uz/en/company/?Id=43644,1,2026-07-19,Проверить
SRC-0194,GoldenPages,https://www.goldenpages.uz/en/company/?Id=43646,1,2026-07-19,Проверить
SRC-0195,GoldenPages,https://www.goldenpages.uz/en/company/?Id=43647,1,2026-07-19,Проверить
SRC-0196,GoldenPages,https://www.goldenpages.uz/en/company/?Id=43650,1,2026-07-19,Проверить
SRC-0197,GoldenPages,https://www.goldenpages.uz/en/company/?Id=43651,1,2026-07-19,Проверить
SRC-0198,GoldenPages,https://www.goldenpages.uz/en/company/?Id=43652,1,2026-07-19,Проверить
SRC-0199,GoldenPages,https://www.goldenpages.uz/en/company/?Id=43653,1,2026-07-19,Проверить
SRC-0200,GoldenPages,https://www.goldenpages.uz/en/company/?Id=43656,1,2026-07-19,Проверить
SRC-0201,GoldenPages,https://www.goldenpages.uz/en/company/?Id=43658,1,2026-07-19,Проверить
SRC-0202,GoldenPages,https://www.goldenpages.uz/en/company/?Id=43659,1,2026-07-19,Проверить
SRC-0203,GoldenPages,https://www.goldenpages.uz/en/company/?Id=43660,1,2026-07-19,Проверить
SRC-0204,GoldenPages,https://www.goldenpages.uz/en/company/?Id=43661,1,2026-07-19,Проверить
SRC-0205,GoldenPages,https://www.goldenpages.uz/en/company/?Id=43663,1,2026-07-19,Проверить
SRC-0206,GoldenPages,https://www.goldenpages.uz/en/company/?Id=43664,1,2026-07-19,Проверить
SRC-0207,GoldenPages,https://www.goldenpages.uz/en/company/?Id=43665,1,2026-07-19,Проверить
SRC-0208,GoldenPages,https://www.goldenpages.uz/en/company/?Id=43666,1,2026-07-19,Проверить
SRC-0209,GoldenPages,https://www.goldenpages.uz/en/company/?Id=43667,1,2026-07-19,Проверить
SRC-0210,GoldenPages,https://www.goldenpages.uz/en/company/?Id=43668,1,2026-07-19,Проверить
SRC-0211,GoldenPages,https://www.goldenpages.uz/en/company/?Id=43669,1,2026-07-19,Проверить
SRC-0212,GoldenPages,https://www.goldenpages.uz/en/company/?Id=43670,1,2026-07-19,Проверить
SRC-0213,GoldenPages,https://www.goldenpages.uz/en/company/?Id=43674,1,2026-07-19,Проверить
SRC-0214,GoldenPages,https://www.goldenpages.uz/en/company/?Id=43675,1,2026-07-19,Проверить
SRC-0215,GoldenPages,https://www.goldenpages.uz/en/company/?Id=43676,1,2026-07-19,Проверить
SRC-0216,GoldenPages,https://www.goldenpages.uz/en/company/?Id=43678,1,2026-07-19,Проверить
SRC-0217,GoldenPages,https://www.goldenpages.uz/en/company/?Id=43680,1,2026-07-19,Проверить
SRC-0218,GoldenPages,https://www.goldenpages.uz/en/company/?Id=43681,1,2026-07-19,Проверить
SRC-0219,GoldenPages,https://www.goldenpages.uz/en/company/?Id=43683,1,2026-07-19,Проверить
SRC-0220,GoldenPages,https://www.goldenpages.uz/en/company/?Id=43684,1,2026-07-19,Проверить
SRC-0221,GoldenPages,https://www.goldenpages.uz/en/company/?Id=43685,1,2026-07-19,Проверить
SRC-0222,GoldenPages,https://www.goldenpages.uz/en/company/?Id=43688,1,2026-07-19,Проверить
SRC-0223,GoldenPages,https://www.goldenpages.uz/en/company/?Id=43695,1,2026-07-19,Проверить
SRC-0224,GoldenPages,https://www.goldenpages.uz/en/company/?Id=43698,1,2026-07-19,Проверить
SRC-0225,GoldenPages,https://www.goldenpages.uz/en/company/?Id=43700,1,2026-07-19,Проверить
SRC-0226,GoldenPages,https://www.goldenpages.uz/en/company/?Id=43702,1,2026-07-19,Проверить
SRC-0227,GoldenPages,https://www.goldenpages.uz/en/company/?Id=43703,1,2026-07-19,Проверить
SRC-0228,GoldenPages,https://www.goldenpages.uz/en/company/?Id=43704,1,2026-07-19,Проверить
SRC-0229,GoldenPages,https://www.goldenpages.uz/en/company/?Id=43707,1,2026-07-19,Проверить
SRC-0230,GoldenPages,https://www.goldenpages.uz/en/company/?Id=43708,1,2026-07-19,Проверить
SRC-0231,GoldenPages,https://www.goldenpages.uz/en/company/?Id=43709,1,2026-07-19,Проверить
SRC-0232,GoldenPages,https://www.goldenpages.uz/en/company/?Id=43711,1,2026-07-19,Проверить
SRC-0233,GoldenPages,https://www.goldenpages.uz/en/company/?Id=43712,1,2026-07-19,Проверить
SRC-0234,GoldenPages,https://www.goldenpages.uz/en/company/?Id=43714,1,2026-07-19,Проверить
SRC-0235,GoldenPages,https://www.goldenpages.uz/en/company/?Id=43716,1,2026-07-19,Проверить
SRC-0236,GoldenPages,https://www.goldenpages.uz/en/company/?Id=43718,1,2026-07-19,Проверить
SRC-0237,GoldenPages,https://www.goldenpages.uz/en/company/?Id=43719,1,2026-07-19,Проверить
SRC-0238,GoldenPages,https://www.goldenpages.uz/en/company/?Id=43720,1,2026-07-19,Проверить
SRC-0239,GoldenPages,https://www.goldenpages.uz/en/company/?Id=43721,1,2026-07-19,Проверить
SRC-0240,GoldenPages,https://www.goldenpages.uz/en/company/?Id=43722,1,2026-07-19,Проверить
SRC-0241,GoldenPages,https://www.goldenpages.uz/en/company/?Id=43723,1,2026-07-19,Проверить
SRC-0242,GoldenPages,https://www.goldenpages.uz/en/company/?Id=43725,1,2026-07-19,Проверить
SRC-0243,GoldenPages,https://www.goldenpages.uz/en/company/?Id=43726,1,2026-07-19,Проверить
SRC-0244,GoldenPages,https://www.goldenpages.uz/en/company/?Id=43727,1,2026-07-19,Проверить
SRC-0245,GoldenPages,https://www.goldenpages.uz/en/company/?Id=43735,1,2026-07-19,Проверить
SRC-0246,GoldenPages,https://www.goldenpages.uz/en/company/?Id=43739,1,2026-07-19,Проверить
SRC-0247,GoldenPages,https://www.goldenpages.uz/en/company/?Id=43740,1,2026-07-19,Проверить
SRC-0248,GoldenPages,https://www.goldenpages.uz/en/company/?Id=43744,1,2026-07-19,Проверить
SRC-0249,GoldenPages,https://www.goldenpages.uz/en/company/?Id=43745,1,2026-07-19,Проверить
SRC-0250,GoldenPages,https://www.goldenpages.uz/en/company/?Id=43748,1,2026-07-19,Проверить
SRC-0251,GoldenPages,https://www.goldenpages.uz/en/company/?Id=43749,1,2026-07-19,Проверить
SRC-0252,GoldenPages,https://www.goldenpages.uz/en/company/?Id=43750,1,2026-07-19,Проверить
SRC-0253,GoldenPages,https://www.goldenpages.uz/en/company/?Id=43754,1,2026-07-19,Проверить
SRC-0254,GoldenPages,https://www.goldenpages.uz/en/company/?Id=43755,1,2026-07-19,Проверить
SRC-0255,GoldenPages,https://www.goldenpages.uz/en/company/?Id=43756,1,2026-07-19,Проверить
SRC-0256,GoldenPages,https://www.goldenpages.uz/en/company/?Id=43757,1,2026-07-19,Проверить
SRC-0257,GoldenPages,https://www.goldenpages.uz/en/company/?Id=43758,1,2026-07-19,Проверить
SRC-0258,GoldenPages,https://www.goldenpages.uz/en/company/?Id=43760,1,2026-07-19,Проверить
SRC-0259,GoldenPages,https://www.goldenpages.uz/en/company/?Id=43761,1,2026-07-19,Проверить
SRC-0260,GoldenPages,https://www.goldenpages.uz/en/company/?Id=43762,1,2026-07-19,Проверить
SRC-0261,GoldenPages,https://www.goldenpages.uz/en/company/?Id=43763,1,2026-07-19,Проверить
SRC-0262,GoldenPages,https://www.goldenpages.uz/en/company/?Id=43764,1,2026-07-19,Проверить
SRC-0263,GoldenPages,https://www.goldenpages.uz/en/company/?Id=43765,1,2026-07-19,Проверить
SRC-0264,GoldenPages,https://www.goldenpages.uz/en/company/?Id=43766,1,2026-07-19,Проверить
SRC-0265,GoldenPages,https://www.goldenpages.uz/en/company/?Id=43767,1,2026-07-19,Проверить
SRC-0266,GoldenPages,https://www.goldenpages.uz/en/company/?Id=43768,1,2026-07-19,Проверить
SRC-0267,GoldenPages,https://www.goldenpages.uz/en/company/?Id=43771,1,2026-07-19,Проверить
SRC-0268,GoldenPages,https://www.goldenpages.uz/en/company/?Id=43773,1,2026-07-19,Проверить
SRC-0269,GoldenPages,https://www.goldenpages.uz/en/company/?Id=43775,1,2026-07-19,Проверить
SRC-0270,GoldenPages,https://www.goldenpages.uz/en/company/?Id=43777,1,2026-07-19,Проверить
SRC-0271,GoldenPages,https://www.goldenpages.uz/en/company/?Id=48935,1,2026-07-19,Проверить
SRC-0272,GoldenPages,https://www.goldenpages.uz/en/company/?Id=54620,1,2026-07-19,Проверить
SRC-0273,GoldenPages,https://www.goldenpages.uz/en/company/?Id=54627,1,2026-07-19,Проверить
SRC-0274,GoldenPages,https://www.goldenpages.uz/en/company/?Id=54628,1,2026-07-19,Проверить
SRC-0275,GoldenPages,https://www.goldenpages.uz/en/company/?Id=54630,1,2026-07-19,Проверить
SRC-0276,GoldenPages,https://www.goldenpages.uz/en/company/?Id=54631,1,2026-07-19,Проверить
SRC-0277,GoldenPages,https://www.goldenpages.uz/en/company/?Id=54632,1,2026-07-19,Проверить
SRC-0278,GoldenPages,https://www.goldenpages.uz/en/company/?Id=54633,1,2026-07-19,Проверить
SRC-0279,GoldenPages,https://www.goldenpages.uz/en/company/?Id=54634,1,2026-07-19,Проверить
SRC-0280,GoldenPages,https://www.goldenpages.uz/en/company/?Id=54635,1,2026-07-19,Проверить
SRC-0281,GoldenPages,https://www.goldenpages.uz/en/company/?Id=54636,1,2026-07-19,Проверить
SRC-0282,GoldenPages,https://www.goldenpages.uz/en/company/?Id=54637,1,2026-07-19,Проверить
SRC-0283,GoldenPages,https://www.goldenpages.uz/en/company/?Id=54638,1,2026-07-19,Проверить
SRC-0284,GoldenPages,https://www.goldenpages.uz/en/company/?Id=54639,1,2026-07-19,Проверить
SRC-0285,GoldenPages,https://www.goldenpages.uz/en/company/?Id=54640,1,2026-07-19,Проверить
SRC-0286,GoldenPages,https://www.goldenpages.uz/en/company/?Id=54641,1,2026-07-19,Проверить
SRC-0287,GoldenPages,https://www.goldenpages.uz/en/company/?Id=54642,1,2026-07-19,Проверить
SRC-0288,GoldenPages,https://www.goldenpages.uz/en/company/?Id=54643,1,2026-07-19,Проверить
SRC-0289,GoldenPages,https://www.goldenpages.uz/en/company/?Id=54646,1,2026-07-19,Проверить
SRC-0290,GoldenPages,https://www.goldenpages.uz/en/company/?Id=54647,1,2026-07-19,Проверить
SRC-0291,GoldenPages,https://www.goldenpages.uz/en/company/?Id=54648,1,2026-07-19,Проверить
SRC-0292,GoldenPages,https://www.goldenpages.uz/en/company/?Id=54649,1,2026-07-19,Проверить
SRC-0293,GoldenPages,https://www.goldenpages.uz/en/company/?Id=54650,1,2026-07-19,Проверить
SRC-0294,GoldenPages,https://www.goldenpages.uz/en/company/?Id=54651,1,2026-07-19,Проверить
SRC-0295,GoldenPages,https://www.goldenpages.uz/en/company/?Id=54654,1,2026-07-19,Проверить
SRC-0296,GoldenPages,https://www.goldenpages.uz/en/company/?Id=54655,1,2026-07-19,Проверить
SRC-0297,GoldenPages,https://www.goldenpages.uz/en/company/?Id=54656,1,2026-07-19,Проверить
SRC-0298,GoldenPages,https://www.goldenpages.uz/en/company/?Id=54657,1,2026-07-19,Проверить
SRC-0299,GoldenPages,https://www.goldenpages.uz/en/company/?Id=54658,1,2026-07-19,Проверить
SRC-0300,GoldenPages,https://www.goldenpages.uz/en/company/?Id=54660,1,2026-07-19,Проверить
SRC-0301,GoldenPages,https://www.goldenpages.uz/en/company/?Id=54661,1,2026-07-19,Проверить
SRC-0302,GoldenPages,https://www.goldenpages.uz/en/company/?Id=54664,1,2026-07-19,Проверить
SRC-0303,GoldenPages,https://www.goldenpages.uz/en/company/?Id=54665,1,2026-07-19,Проверить
SRC-0304,GoldenPages,https://www.goldenpages.uz/en/company/?Id=54666,1,2026-07-19,Проверить
SRC-0305,GoldenPages,https://www.goldenpages.uz/en/company/?Id=54667,1,2026-07-19,Проверить
SRC-0306,GoldenPages,https://www.goldenpages.uz/en/company/?Id=54668,1,2026-07-19,Проверить
SRC-0307,GoldenPages,https://www.goldenpages.uz/en/company/?Id=54669,1,2026-07-19,Проверить
SRC-0308,GoldenPages,https://www.goldenpages.uz/en/company/?Id=54670,1,2026-07-19,Проверить
SRC-0309,GoldenPages,https://www.goldenpages.uz/en/company/?Id=54671,1,2026-07-19,Проверить
SRC-0310,GoldenPages,https://www.goldenpages.uz/en/company/?Id=54673,1,2026-07-19,Проверить
SRC-0311,GoldenPages,https://www.goldenpages.uz/en/company/?Id=54674,1,2026-07-19,Проверить
SRC-0312,GoldenPages,https://www.goldenpages.uz/en/company/?Id=54675,1,2026-07-19,Проверить
SRC-0313,GoldenPages,https://www.goldenpages.uz/en/company/?Id=54678,1,2026-07-19,Проверить
SRC-0314,GoldenPages,https://www.goldenpages.uz/en/company/?Id=54679,1,2026-07-19,Проверить
SRC-0315,GoldenPages,https://www.goldenpages.uz/en/company/?Id=54680,1,2026-07-19,Проверить
SRC-0316,GoldenPages,https://www.goldenpages.uz/en/company/?Id=54682,1,2026-07-19,Проверить
SRC-0317,GoldenPages,https://www.goldenpages.uz/en/company/?Id=54683,1,2026-07-19,Проверить
SRC-0318,GoldenPages,https://www.goldenpages.uz/en/company/?Id=54684,1,2026-07-19,Проверить
SRC-0319,GoldenPages,https://www.goldenpages.uz/en/company/?Id=54685,1,2026-07-19,Проверить
SRC-0320,GoldenPages,https://www.goldenpages.uz/en/company/?Id=54686,1,2026-07-19,Проверить
SRC-0321,GoldenPages,https://www.goldenpages.uz/en/company/?Id=54687,1,2026-07-19,Проверить
SRC-0322,GoldenPages,https://www.goldenpages.uz/en/company/?Id=54688,1,2026-07-19,Проверить
SRC-0323,GoldenPages,https://www.goldenpages.uz/en/company/?Id=54689,1,2026-07-19,Проверить
SRC-0324,GoldenPages,https://www.goldenpages.uz/en/company/?Id=54690,1,2026-07-19,Проверить
SRC-0325,GoldenPages,https://www.goldenpages.uz/en/company/?Id=54691,1,2026-07-19,Проверить
SRC-0326,GoldenPages,https://www.goldenpages.uz/en/company/?Id=54692,1,2026-07-19,Проверить
SRC-0327,GoldenPages,https://www.goldenpages.uz/en/company/?Id=54693,1,2026-07-19,Проверить
SRC-0328,GoldenPages,https://www.goldenpages.uz/en/company/?Id=54694,1,2026-07-19,Проверить
SRC-0329,GoldenPages,https://www.goldenpages.uz/en/company/?Id=54695,1,2026-07-19,Проверить
SRC-0330,GoldenPages,https://www.goldenpages.uz/en/company/?Id=54696,1,2026-07-19,Проверить
SRC-0331,GoldenPages,https://www.goldenpages.uz/en/company/?Id=54697,1,2026-07-19,Проверить
SRC-0332,GoldenPages,https://www.goldenpages.uz/en/company/?Id=54698,1,2026-07-19,Проверить
SRC-0333,GoldenPages,https://www.goldenpages.uz/en/company/?Id=54699,1,2026-07-19,Проверить
SRC-0334,GoldenPages,https://www.goldenpages.uz/en/company/?Id=54701,1,2026-07-19,Проверить
SRC-0335,GoldenPages,https://www.goldenpages.uz/en/company/?Id=54702,1,2026-07-19,Проверить
SRC-0336,GoldenPages,https://www.goldenpages.uz/en/company/?Id=54703,1,2026-07-19,Проверить
SRC-0337,GoldenPages,https://www.goldenpages.uz/en/company/?Id=54704,1,2026-07-19,Проверить
SRC-0338,GoldenPages,https://www.goldenpages.uz/en/company/?Id=54705,1,2026-07-19,Проверить
SRC-0339,GoldenPages,https://www.goldenpages.uz/en/company/?Id=54706,1,2026-07-19,Проверить
SRC-0340,GoldenPages,https://www.goldenpages.uz/en/company/?Id=54707,1,2026-07-19,Проверить
SRC-0341,GoldenPages,https://www.goldenpages.uz/en/company/?Id=54708,1,2026-07-19,Проверить
SRC-0342,GoldenPages,https://www.goldenpages.uz/en/company/?Id=54710,1,2026-07-19,Проверить
SRC-0343,GoldenPages,https://www.goldenpages.uz/en/company/?Id=54712,1,2026-07-19,Проверить
SRC-0344,GoldenPages,https://www.goldenpages.uz/en/company/?Id=54713,1,2026-07-19,Проверить
SRC-0345,GoldenPages,https://www.goldenpages.uz/en/company/?Id=54714,1,2026-07-19,Проверить
SRC-0346,GoldenPages,https://www.goldenpages.uz/en/company/?Id=54716,1,2026-07-19,Проверить
SRC-0347,GoldenPages,https://www.goldenpages.uz/en/company/?Id=54717,1,2026-07-19,Проверить
SRC-0348,GoldenPages,https://www.goldenpages.uz/en/company/?Id=54719,1,2026-07-19,Проверить
SRC-0349,GoldenPages,https://www.goldenpages.uz/en/company/?Id=54720,1,2026-07-19,Проверить
SRC-0350,GoldenPages,https://www.goldenpages.uz/en/company/?Id=54721,1,2026-07-19,Проверить
SRC-0351,GoldenPages,https://www.goldenpages.uz/en/company/?Id=54722,1,2026-07-19,Проверить
SRC-0352,GoldenPages,https://www.goldenpages.uz/en/company/?Id=54723,1,2026-07-19,Проверить
SRC-0353,GoldenPages,https://www.goldenpages.uz/en/company/?Id=54724,1,2026-07-19,Проверить
SRC-0354,GoldenPages,https://www.goldenpages.uz/en/company/?Id=54726,1,2026-07-19,Проверить
SRC-0355,GoldenPages,https://www.goldenpages.uz/en/company/?Id=54728,1,2026-07-19,Проверить
SRC-0356,GoldenPages,https://www.goldenpages.uz/en/company/?Id=54730,1,2026-07-19,Проверить
SRC-0357,GoldenPages,https://www.goldenpages.uz/en/company/?Id=54732,1,2026-07-19,Проверить
SRC-0358,GoldenPages,https://www.goldenpages.uz/en/company/?Id=54733,1,2026-07-19,Проверить
SRC-0359,GoldenPages,https://www.goldenpages.uz/en/company/?Id=54734,1,2026-07-19,Проверить
SRC-0360,GoldenPages,https://www.goldenpages.uz/en/company/?Id=54735,1,2026-07-19,Проверить
SRC-0361,GoldenPages,https://www.goldenpages.uz/en/company/?Id=54736,1,2026-07-19,Проверить
SRC-0362,GoldenPages,https://www.goldenpages.uz/en/company/?Id=54737,1,2026-07-19,Проверить
SRC-0363,GoldenPages,https://www.goldenpages.uz/en/company/?Id=54739,1,2026-07-19,Проверить
SRC-0364,GoldenPages,https://www.goldenpages.uz/en/company/?Id=54740,1,2026-07-19,Проверить
SRC-0365,GoldenPages,https://www.goldenpages.uz/en/company/?Id=54742,1,2026-07-19,Проверить
SRC-0366,GoldenPages,https://www.goldenpages.uz/en/company/?Id=54744,1,2026-07-19,Проверить
SRC-0367,GoldenPages,https://www.goldenpages.uz/en/company/?Id=54746,1,2026-07-19,Проверить
SRC-0368,GoldenPages,https://www.goldenpages.uz/en/company/?Id=54748,1,2026-07-19,Проверить
SRC-0369,GoldenPages,https://www.goldenpages.uz/en/company/?Id=54749,1,2026-07-19,Проверить
SRC-0370,GoldenPages,https://www.goldenpages.uz/en/company/?Id=54750,1,2026-07-19,Проверить
SRC-0371,GoldenPages,https://www.goldenpages.uz/en/company/?Id=54751,1,2026-07-19,Проверить
SRC-0372,GoldenPages,https://www.goldenpages.uz/en/company/?Id=54752,1,2026-07-19,Проверить
SRC-0373,GoldenPages,https://www.goldenpages.uz/en/company/?Id=54754,1,2026-07-19,Проверить
SRC-0374,GoldenPages,https://www.goldenpages.uz/en/company/?Id=54755,1,2026-07-19,Проверить
SRC-0375,GoldenPages,https://www.goldenpages.uz/en/company/?Id=54756,1,2026-07-19,Проверить
SRC-0376,GoldenPages,https://www.goldenpages.uz/en/company/?Id=54757,1,2026-07-19,Проверить
SRC-0377,GoldenPages,https://www.goldenpages.uz/en/company/?Id=54758,1,2026-07-19,Проверить
SRC-0378,GoldenPages,https://www.goldenpages.uz/en/company/?Id=54759,1,2026-07-19,Проверить
SRC-0379,GoldenPages,https://www.goldenpages.uz/en/company/?Id=54760,1,2026-07-19,Проверить
SRC-0380,GoldenPages,https://www.goldenpages.uz/en/company/?Id=54762,1,2026-07-19,Проверить
SRC-0381,GoldenPages,https://www.goldenpages.uz/en/company/?Id=54763,1,2026-07-19,Проверить
SRC-0382,GoldenPages,https://www.goldenpages.uz/en/company/?Id=54764,1,2026-07-19,Проверить
SRC-0383,GoldenPages,https://www.goldenpages.uz/en/company/?Id=54765,1,2026-07-19,Проверить
SRC-0384,GoldenPages,https://www.goldenpages.uz/en/company/?Id=54766,1,2026-07-19,Проверить
SRC-0385,GoldenPages,https://www.goldenpages.uz/en/company/?Id=54767,1,2026-07-19,Проверить
SRC-0386,GoldenPages,https://www.goldenpages.uz/en/company/?Id=54768,1,2026-07-19,Проверить
SRC-0387,GoldenPages,https://www.goldenpages.uz/en/company/?Id=54769,1,2026-07-19,Проверить
SRC-0388,GoldenPages,https://www.goldenpages.uz/en/company/?Id=54771,1,2026-07-19,Проверить
SRC-0389,GoldenPages,https://www.goldenpages.uz/en/company/?Id=54772,1,2026-07-19,Проверить
SRC-0390,GoldenPages,https://www.goldenpages.uz/en/company/?Id=54773,1,2026-07-19,Проверить
SRC-0391,GoldenPages,https://www.goldenpages.uz/en/company/?Id=54774,1,2026-07-19,Проверить
SRC-0392,GoldenPages,https://www.goldenpages.uz/en/company/?Id=54775,1,2026-07-19,Проверить
SRC-0393,GoldenPages,https://www.goldenpages.uz/en/company/?Id=54777,1,2026-07-19,Проверить
SRC-0394,GoldenPages,https://www.goldenpages.uz/en/company/?Id=54779,1,2026-07-19,Проверить
SRC-0395,GoldenPages,https://www.goldenpages.uz/en/company/?Id=54780,1,2026-07-19,Проверить
SRC-0396,GoldenPages,https://www.goldenpages.uz/en/company/?Id=54781,1,2026-07-19,Проверить
SRC-0397,GoldenPages,https://www.goldenpages.uz/en/company/?Id=54782,1,2026-07-19,Проверить
SRC-0398,GoldenPages,https://www.goldenpages.uz/en/company/?Id=54783,1,2026-07-19,Проверить
SRC-0399,GoldenPages,https://www.goldenpages.uz/en/company/?Id=54784,1,2026-07-19,Проверить
SRC-0400,GoldenPages,https://www.goldenpages.uz/en/company/?Id=54785,1,2026-07-19,Проверить
SRC-0401,GoldenPages,https://www.goldenpages.uz/en/company/?Id=54786,1,2026-07-19,Проверить
SRC-0402,GoldenPages,https://www.goldenpages.uz/en/company/?Id=54787,1,2026-07-19,Проверить
SRC-0403,GoldenPages,https://www.goldenpages.uz/en/company/?Id=54788,1,2026-07-19,Проверить
SRC-0404,GoldenPages,https://www.goldenpages.uz/en/company/?Id=54789,1,2026-07-19,Проверить
SRC-0405,GoldenPages,https://www.goldenpages.uz/en/company/?Id=54790,1,2026-07-19,Проверить
SRC-0406,GoldenPages,https://www.goldenpages.uz/en/company/?Id=54791,1,2026-07-19,Проверить
SRC-0407,GoldenPages,https://www.goldenpages.uz/en/company/?Id=54793,1,2026-07-19,Проверить
SRC-0408,GoldenPages,https://www.goldenpages.uz/en/company/?Id=54794,1,2026-07-19,Проверить
SRC-0409,GoldenPages,https://www.goldenpages.uz/en/company/?Id=54795,1,2026-07-19,Проверить
SRC-0410,GoldenPages,https://www.goldenpages.uz/en/company/?Id=54796,1,2026-07-19,Проверить
SRC-0411,GoldenPages,https://www.goldenpages.uz/en/company/?Id=54797,1,2026-07-19,Проверить
SRC-0412,GoldenPages,https://www.goldenpages.uz/en/company/?Id=54798,1,2026-07-19,Проверить
SRC-0413,GoldenPages,https://www.goldenpages.uz/en/company/?Id=54799,1,2026-07-19,Проверить
SRC-0414,GoldenPages,https://www.goldenpages.uz/en/company/?Id=54801,1,2026-07-19,Проверить
SRC-0415,GoldenPages,https://www.goldenpages.uz/en/company/?Id=54803,1,2026-07-19,Проверить
SRC-0416,GoldenPages,https://www.goldenpages.uz/en/company/?Id=54805,1,2026-07-19,Проверить
SRC-0417,GoldenPages,https://www.goldenpages.uz/en/company/?Id=54806,1,2026-07-19,Проверить
SRC-0418,GoldenPages,https://www.goldenpages.uz/en/company/?Id=54807,1,2026-07-19,Проверить
SRC-0419,GoldenPages,https://www.goldenpages.uz/en/company/?Id=54808,1,2026-07-19,Проверить
SRC-0420,GoldenPages,https://www.goldenpages.uz/en/company/?Id=54809,1,2026-07-19,Проверить
SRC-0421,GoldenPages,https://www.goldenpages.uz/en/company/?Id=54810,1,2026-07-19,Проверить
SRC-0422,GoldenPages,https://www.goldenpages.uz/en/company/?Id=54811,1,2026-07-19,Проверить
SRC-0423,GoldenPages,https://www.goldenpages.uz/en/company/?Id=54813,1,2026-07-19,Проверить
SRC-0424,GoldenPages,https://www.goldenpages.uz/en/company/?Id=54815,1,2026-07-19,Проверить
SRC-0425,GoldenPages,https://www.goldenpages.uz/en/company/?Id=54816,1,2026-07-19,Проверить
SRC-0426,GoldenPages,https://www.goldenpages.uz/en/company/?Id=54817,1,2026-07-19,Проверить
SRC-0427,GoldenPages,https://www.goldenpages.uz/en/company/?Id=54818,1,2026-07-19,Проверить
SRC-0428,GoldenPages,https://www.goldenpages.uz/en/company/?Id=54819,1,2026-07-19,Проверить
SRC-0429,GoldenPages,https://www.goldenpages.uz/en/company/?Id=54821,1,2026-07-19,Проверить
SRC-0430,GoldenPages,https://www.goldenpages.uz/en/company/?Id=54822,1,2026-07-19,Проверить
SRC-0431,GoldenPages,https://www.goldenpages.uz/en/company/?Id=54823,1,2026-07-19,Проверить
SRC-0432,GoldenPages,https://www.goldenpages.uz/en/company/?Id=54824,1,2026-07-19,Проверить
SRC-0433,GoldenPages,https://www.goldenpages.uz/en/company/?Id=54825,1,2026-07-19,Проверить
SRC-0434,GoldenPages,https://www.goldenpages.uz/en/company/?Id=54826,1,2026-07-19,Проверить
SRC-0435,GoldenPages,https://www.goldenpages.uz/en/company/?Id=54872,1,2026-07-19,Проверить
SRC-0436,GoldenPages,https://www.goldenpages.uz/en/company/?Id=54873,1,2026-07-19,Проверить
SRC-0437,GoldenPages,https://www.goldenpages.uz/en/company/?Id=54874,1,2026-07-19,Проверить
SRC-0438,GoldenPages,https://www.goldenpages.uz/en/company/?Id=54875,1,2026-07-19,Проверить
SRC-0439,GoldenPages,https://www.goldenpages.uz/en/company/?Id=54876,1,2026-07-19,Проверить
SRC-0440,GoldenPages,https://www.goldenpages.uz/en/company/?Id=54878,1,2026-07-19,Проверить
SRC-0441,GoldenPages,https://www.goldenpages.uz/en/company/?Id=54880,1,2026-07-19,Проверить
SRC-0442,GoldenPages,https://www.goldenpages.uz/en/company/?Id=54881,1,2026-07-19,Проверить
SRC-0443,GoldenPages,https://www.goldenpages.uz/en/company/?Id=54884,1,2026-07-19,Проверить
SRC-0444,GoldenPages,https://www.goldenpages.uz/en/company/?Id=54885,1,2026-07-19,Проверить
SRC-0445,GoldenPages,https://www.goldenpages.uz/en/company/?Id=54887,1,2026-07-19,Проверить
SRC-0446,GoldenPages,https://www.goldenpages.uz/en/company/?Id=54893,1,2026-07-19,Проверить
SRC-0447,GoldenPages,https://www.goldenpages.uz/en/company/?Id=54894,1,2026-07-19,Проверить
SRC-0448,GoldenPages,https://www.goldenpages.uz/en/company/?Id=54895,1,2026-07-19,Проверить
SRC-0449,GoldenPages,https://www.goldenpages.uz/en/company/?Id=54896,1,2026-07-19,Проверить
SRC-0450,GoldenPages,https://www.goldenpages.uz/en/company/?Id=54897,1,2026-07-19,Проверить
SRC-0451,GoldenPages,https://www.goldenpages.uz/en/company/?Id=54898,1,2026-07-19,Проверить
SRC-0452,GoldenPages,https://www.goldenpages.uz/en/company/?Id=54899,1,2026-07-19,Проверить
SRC-0453,GoldenPages,https://www.goldenpages.uz/en/company/?Id=54900,1,2026-07-19,Проверить
SRC-0454,GoldenPages,https://www.goldenpages.uz/en/company/?Id=54901,1,2026-07-19,Проверить
SRC-0455,GoldenPages,https://www.goldenpages.uz/en/company/?Id=54902,1,2026-07-19,Проверить
SRC-0456,GoldenPages,https://www.goldenpages.uz/en/company/?Id=54903,1,2026-07-19,Проверить
SRC-0457,GoldenPages,https://www.goldenpages.uz/en/company/?Id=54904,1,2026-07-19,Проверить
SRC-0458,GoldenPages,https://www.goldenpages.uz/en/company/?Id=54905,1,2026-07-19,Проверить
SRC-0459,GoldenPages,https://www.goldenpages.uz/en/company/?Id=54906,1,2026-07-19,Проверить
SRC-0460,GoldenPages,https://www.goldenpages.uz/en/company/?Id=54907,1,2026-07-19,Проверить
SRC-0461,GoldenPages,https://www.goldenpages.uz/en/company/?Id=54908,1,2026-07-19,Проверить
SRC-0462,GoldenPages,https://www.goldenpages.uz/en/company/?Id=54909,1,2026-07-19,Проверить
SRC-0463,GoldenPages,https://www.goldenpages.uz/en/company/?Id=54910,1,2026-07-19,Проверить
SRC-0464,GoldenPages,https://www.goldenpages.uz/en/company/?Id=54911,1,2026-07-19,Проверить
SRC-0465,GoldenPages,https://www.goldenpages.uz/en/company/?Id=54912,1,2026-07-19,Проверить
SRC-0466,GoldenPages,https://www.goldenpages.uz/en/company/?Id=54913,1,2026-07-19,Проверить
SRC-0467,GoldenPages,https://www.goldenpages.uz/en/company/?Id=54914,1,2026-07-19,Проверить
SRC-0468,GoldenPages,https://www.goldenpages.uz/en/company/?Id=54916,1,2026-07-19,Проверить
SRC-0469,GoldenPages,https://www.goldenpages.uz/en/company/?Id=54917,1,2026-07-19,Проверить
SRC-0470,GoldenPages,https://www.goldenpages.uz/en/company/?Id=54918,1,2026-07-19,Проверить
SRC-0471,GoldenPages,https://www.goldenpages.uz/en/company/?Id=54919,1,2026-07-19,Проверить
SRC-0472,GoldenPages,https://www.goldenpages.uz/en/company/?Id=54920,1,2026-07-19,Проверить
SRC-0473,GoldenPages,https://www.goldenpages.uz/en/company/?Id=54921,1,2026-07-19,Проверить
SRC-0474,GoldenPages,https://www.goldenpages.uz/en/company/?Id=54922,1,2026-07-19,Проверить
SRC-0475,GoldenPages,https://www.goldenpages.uz/en/company/?Id=54923,1,2026-07-19,Проверить
SRC-0476,GoldenPages,https://www.goldenpages.uz/en/company/?Id=54924,1,2026-07-19,Проверить
SRC-0477,GoldenPages,https://www.goldenpages.uz/en/company/?Id=54925,1,2026-07-19,Проверить
SRC-0478,GoldenPages,https://www.goldenpages.uz/en/company/?Id=54928,1,2026-07-19,Проверить
SRC-0479,GoldenPages,https://www.goldenpages.uz/en/company/?Id=54929,1,2026-07-19,Проверить
SRC-0480,GoldenPages,https://www.goldenpages.uz/en/company/?Id=54930,1,2026-07-19,Проверить
SRC-0481,GoldenPages,https://www.goldenpages.uz/en/company/?Id=54931,1,2026-07-19,Проверить
SRC-0482,GoldenPages,https://www.goldenpages.uz/en/company/?Id=54932,1,2026-07-19,Проверить
SRC-0483,GoldenPages,https://www.goldenpages.uz/en/company/?Id=54933,1,2026-07-19,Проверить
SRC-0484,GoldenPages,https://www.goldenpages.uz/en/company/?Id=54948,1,2026-07-19,Проверить
SRC-0485,GoldenPages,https://www.goldenpages.uz/en/company/?Id=54949,1,2026-07-19,Проверить
SRC-0486,GoldenPages,https://www.goldenpages.uz/en/company/?Id=54950,1,2026-07-19,Проверить
SRC-0487,GoldenPages,https://www.goldenpages.uz/en/company/?Id=54951,1,2026-07-19,Проверить
SRC-0488,GoldenPages,https://www.goldenpages.uz/en/company/?Id=54952,1,2026-07-19,Проверить
SRC-0489,GoldenPages,https://www.goldenpages.uz/en/company/?Id=54953,1,2026-07-19,Проверить
SRC-0490,GoldenPages,https://www.goldenpages.uz/en/company/?Id=54954,1,2026-07-19,Проверить
SRC-0491,GoldenPages,https://www.goldenpages.uz/en/company/?Id=54955,1,2026-07-19,Проверить
SRC-0492,GoldenPages,https://www.goldenpages.uz/en/company/?Id=54956,1,2026-07-19,Проверить
SRC-0493,GoldenPages,https://www.goldenpages.uz/en/company/?Id=54959,1,2026-07-19,Проверить
SRC-0494,GoldenPages,https://www.goldenpages.uz/en/company/?Id=54960,1,2026-07-19,Проверить
SRC-0495,GoldenPages,https://www.goldenpages.uz/en/company/?Id=54961,1,2026-07-19,Проверить
SRC-0496,GoldenPages,https://www.goldenpages.uz/en/company/?Id=54962,1,2026-07-19,Проверить
SRC-0497,GoldenPages,https://www.goldenpages.uz/en/company/?Id=54964,1,2026-07-19,Проверить
SRC-0498,GoldenPages,https://www.goldenpages.uz/en/company/?Id=54965,1,2026-07-19,Проверить
SRC-0499,GoldenPages,https://www.goldenpages.uz/en/company/?Id=54966,1,2026-07-19,Проверить
SRC-0500,GoldenPages,https://www.goldenpages.uz/en/company/?Id=54967,1,2026-07-19,Проверить
SRC-0501,GoldenPages,https://www.goldenpages.uz/en/company/?Id=54968,1,2026-07-19,Проверить
SRC-0502,GoldenPages,https://www.goldenpages.uz/en/company/?Id=54969,1,2026-07-19,Проверить
SRC-0503,GoldenPages,https://www.goldenpages.uz/en/company/?Id=54970,1,2026-07-19,Проверить
SRC-0504,GoldenPages,https://www.goldenpages.uz/en/company/?Id=54971,1,2026-07-19,Проверить
SRC-0505,GoldenPages,https://www.goldenpages.uz/en/company/?Id=54972,1,2026-07-19,Проверить
SRC-0506,GoldenPages,https://www.goldenpages.uz/en/company/?Id=54973,1,2026-07-19,Проверить
SRC-0507,GoldenPages,https://www.goldenpages.uz/en/company/?Id=54974,1,2026-07-19,Проверить
SRC-0508,GoldenPages,https://www.goldenpages.uz/en/company/?Id=54975,1,2026-07-19,Проверить
SRC-0509,GoldenPages,https://www.goldenpages.uz/en/company/?Id=54976,1,2026-07-19,Проверить
SRC-0510,GoldenPages,https://www.goldenpages.uz/en/company/?Id=59117,1,2026-07-19,Проверить
SRC-0511,GoldenPages,https://www.goldenpages.uz/en/company/?Id=64271,1,2026-07-19,Проверить
SRC-0512,GoldenPages,https://www.goldenpages.uz/en/company/?Id=67064,1,2026-07-19,Проверить
SRC-0513,GoldenPages,https://www.goldenpages.uz/en/company/?Id=6878,1,2026-07-19,Проверить
SRC-0514,GoldenPages,https://www.goldenpages.uz/en/company/?Id=6904,1,2026-07-19,Проверить
SRC-0515,GoldenPages,https://www.goldenpages.uz/en/company/?Id=6928,1,2026-07-19,Проверить
SRC-0516,GoldenPages,https://www.goldenpages.uz/en/company/?Id=77590,1,2026-07-19,Проверить
SRC-0517,GoldenPages,https://www.goldenpages.uz/en/company/?Id=77971,1,2026-07-19,Проверить
SRC-0518,GoldenPages,https://www.goldenpages.uz/en/company/?Id=81433,1,2026-07-19,Проверить
SRC-0519,GoldenPages,https://www.goldenpages.uz/en/company/?Id=85962,1,2026-07-19,Проверить
SRC-0520,GoldenPages,https://www.goldenpages.uz/en/company/?Id=89842,1,2026-07-19,Проверить
SRC-0521,GoldenPages,https://www.goldenpages.uz/en/company/?Id=90155,1,2026-07-19,Проверить
SRC-0522,GoldenPages,https://www.goldenpages.uz/en/company/?Id=9148,1,2026-07-19,Проверить
SRC-0523,GoldenPages,https://www.goldenpages.uz/en/company/?Id=9150,1,2026-07-19,Проверить
SRC-0524,GoldenPages,https://www.goldenpages.uz/en/company/?Id=9151,1,2026-07-19,Проверить
SRC-0525,GoldenPages,https://www.goldenpages.uz/en/company/?Id=9152,1,2026-07-19,Проверить
SRC-0526,GoldenPages,https://www.goldenpages.uz/en/company/?Id=9153,1,2026-07-19,Проверить
SRC-0527,GoldenPages,https://www.goldenpages.uz/en/company/?Id=91984,1,2026-07-19,Проверить
SRC-0528,GoldenPages,https://www.goldenpages.uz/en/company/?Id=91993,1,2026-07-19,Проверить
SRC-0529,GoldenPages,https://www.goldenpages.uz/en/company/?Id=92028,1,2026-07-19,Проверить
SRC-0530,GoldenPages,https://www.goldenpages.uz/en/company/?Id=92369,1,2026-07-19,Проверить
SRC-0531,GoldenPages,https://www.goldenpages.uz/en/company/?Id=92622,1,2026-07-19,Проверить
SRC-0532,GoldenPages,https://www.goldenpages.uz/en/company/?Id=93398,1,2026-07-19,Проверить
SRC-0533,GoldenPages,https://www.goldenpages.uz/en/company/?Id=93966,1,2026-07-19,Проверить
SRC-0534,GoldenPages,https://www.goldenpages.uz/en/company/?Id=95639,1,2026-07-19,Проверить
SRC-0535,GoldenPages,https://www.goldenpages.uz/en/company/?Id=95672,1,2026-07-19,Проверить
SRC-0536,GoldenPages,https://www.goldenpages.uz/en/company/?Id=96181,1,2026-07-19,Проверить
SRC-0537,GoldenPages,https://www.goldenpages.uz/en/company/?Id=96182,1,2026-07-19,Проверить
SRC-0538,GoldenPages,https://www.goldenpages.uz/en/company/?Id=96183,1,2026-07-19,Проверить
SRC-0539,GoldenPages,https://www.goldenpages.uz/en/company/?Id=96184,1,2026-07-19,Проверить
SRC-0540,GoldenPages,https://www.goldenpages.uz/en/company/?Id=96185,1,2026-07-19,Проверить
SRC-0541,GoldenPages,https://www.goldenpages.uz/en/company/?Id=96186,1,2026-07-19,Проверить
SRC-0542,GoldenPages,https://www.goldenpages.uz/en/company/?Id=96187,1,2026-07-19,Проверить
SRC-0543,GoldenPages,https://www.goldenpages.uz/en/company/?Id=96188,1,2026-07-19,Проверить
SRC-0544,GoldenPages,https://www.goldenpages.uz/en/company/?Id=96189,1,2026-07-19,Проверить
SRC-0545,GoldenPages,https://www.goldenpages.uz/en/company/?Id=96190,1,2026-07-19,Проверить
SRC-0546,GoldenPages,https://www.goldenpages.uz/en/company/?Id=96191,1,2026-07-19,Проверить
SRC-0547,GoldenPages,https://www.goldenpages.uz/en/company/?Id=96192,1,2026-07-19,Проверить
SRC-0548,GoldenPages,https://www.goldenpages.uz/en/company/?Id=96193,1,2026-07-19,Проверить
SRC-0549,GoldenPages,https://www.goldenpages.uz/en/company/?Id=96194,1,2026-07-19,Проверить
SRC-0550,GoldenPages,https://www.goldenpages.uz/en/company/?Id=96195,1,2026-07-19,Проверить
SRC-0551,GoldenPages,https://www.goldenpages.uz/en/company/?Id=96196,1,2026-07-19,Проверить
SRC-0552,GoldenPages,https://www.goldenpages.uz/en/company/?Id=96198,1,2026-07-19,Проверить
SRC-0553,GoldenPages,https://www.goldenpages.uz/en/company/?Id=96199,1,2026-07-19,Проверить
SRC-0554,GoldenPages,https://www.goldenpages.uz/en/company/?Id=96200,1,2026-07-19,Проверить
SRC-0555,GoldenPages,https://www.goldenpages.uz/en/company/?Id=96201,1,2026-07-19,Проверить
SRC-0556,GoldenPages,https://www.goldenpages.uz/en/company/?Id=96208,1,2026-07-19,Проверить
SRC-0557,GoldenPages,https://www.goldenpages.uz/en/company/?Id=96209,1,2026-07-19,Проверить
SRC-0558,GoldenPages,https://www.goldenpages.uz/en/company/?Id=96210,1,2026-07-19,Проверить
SRC-0559,GoldenPages,https://www.goldenpages.uz/en/company/?Id=96211,1,2026-07-19,Проверить
SRC-0560,GoldenPages,https://www.goldenpages.uz/en/company/?Id=96212,1,2026-07-19,Проверить
SRC-0561,GoldenPages,https://www.goldenpages.uz/en/company/?Id=96213,1,2026-07-19,Проверить
SRC-0562,GoldenPages,https://www.goldenpages.uz/en/company/?Id=96214,1,2026-07-19,Проверить
SRC-0563,GoldenPages,https://www.goldenpages.uz/en/company/?Id=96215,1,2026-07-19,Проверить
SRC-0564,GoldenPages,https://www.goldenpages.uz/en/company/?Id=96216,1,2026-07-19,Проверить
SRC-0565,GoldenPages,https://www.goldenpages.uz/en/company/?Id=96217,1,2026-07-19,Проверить
SRC-0566,GoldenPages,https://www.goldenpages.uz/en/company/?Id=96218,1,2026-07-19,Проверить
SRC-0567,GoldenPages,https://www.goldenpages.uz/en/company/?Id=96219,1,2026-07-19,Проверить
SRC-0568,GoldenPages,https://www.goldenpages.uz/en/company/?Id=96220,1,2026-07-19,Проверить
SRC-0569,GoldenPages,https://www.goldenpages.uz/en/company/?Id=96221,1,2026-07-19,Проверить
SRC-0570,GoldenPages,https://www.goldenpages.uz/en/company/?Id=96222,1,2026-07-19,Проверить
SRC-0571,GoldenPages,https://www.goldenpages.uz/en/company/?Id=96252,1,2026-07-19,Проверить
SRC-0572,GoldenPages,https://www.goldenpages.uz/en/company/?Id=96253,1,2026-07-19,Проверить
SRC-0573,GoldenPages,https://www.goldenpages.uz/en/company/?Id=96254,1,2026-07-19,Проверить
SRC-0574,GoldenPages,https://www.goldenpages.uz/en/company/?Id=96255,1,2026-07-19,Проверить
SRC-0575,GoldenPages,https://www.goldenpages.uz/en/company/?Id=96256,1,2026-07-19,Проверить
SRC-0576,GoldenPages,https://www.goldenpages.uz/en/company/?Id=96257,1,2026-07-19,Проверить
SRC-0577,GoldenPages,https://www.goldenpages.uz/en/company/?Id=96258,1,2026-07-19,Проверить
SRC-0578,GoldenPages,https://www.goldenpages.uz/en/company/?Id=96259,1,2026-07-19,Проверить
SRC-0579,GoldenPages,https://www.goldenpages.uz/en/company/?Id=96260,1,2026-07-19,Проверить
SRC-0580,GoldenPages,https://www.goldenpages.uz/en/company/?Id=96261,1,2026-07-19,Проверить
SRC-0581,GoldenPages,https://www.goldenpages.uz/en/company/?Id=96262,1,2026-07-19,Проверить
SRC-0582,GoldenPages,https://www.goldenpages.uz/en/company/?Id=96263,1,2026-07-19,Проверить
SRC-0583,GoldenPages,https://www.goldenpages.uz/en/company/?Id=96264,1,2026-07-19,Проверить
SRC-0584,GoldenPages,https://www.goldenpages.uz/en/company/?Id=96265,1,2026-07-19,Проверить
SRC-0585,GoldenPages,https://www.goldenpages.uz/en/company/?Id=96266,1,2026-07-19,Проверить
SRC-0586,GoldenPages,https://www.goldenpages.uz/en/company/?Id=96267,1,2026-07-19,Проверить
SRC-0587,GoldenPages,https://www.goldenpages.uz/en/company/?Id=96274,1,2026-07-19,Проверить
SRC-0588,GoldenPages,https://www.goldenpages.uz/en/company/?Id=96275,1,2026-07-19,Проверить
SRC-0589,GoldenPages,https://www.goldenpages.uz/en/company/?Id=96276,1,2026-07-19,Проверить
SRC-0590,GoldenPages,https://www.goldenpages.uz/en/company/?Id=96277,1,2026-07-19,Проверить
SRC-0591,GoldenPages,https://www.goldenpages.uz/en/company/?Id=96278,1,2026-07-19,Проверить
SRC-0592,GoldenPages,https://www.goldenpages.uz/en/company/?Id=96279,1,2026-07-19,Проверить
SRC-0593,GoldenPages,https://www.goldenpages.uz/en/company/?Id=96280,1,2026-07-19,Проверить
SRC-0594,GoldenPages,https://www.goldenpages.uz/en/company/?Id=96281,1,2026-07-19,Проверить
SRC-0595,GoldenPages,https://www.goldenpages.uz/en/company/?Id=96282,1,2026-07-19,Проверить
SRC-0596,GoldenPages,https://www.goldenpages.uz/en/company/?Id=96283,1,2026-07-19,Проверить
SRC-0597,GoldenPages,https://www.goldenpages.uz/en/company/?Id=96291,1,2026-07-19,Проверить
SRC-0598,GoldenPages,https://www.goldenpages.uz/en/company/?Id=96292,1,2026-07-19,Проверить
SRC-0599,GoldenPages,https://www.goldenpages.uz/en/company/?Id=96293,1,2026-07-19,Проверить
SRC-0600,GoldenPages,https://www.goldenpages.uz/en/company/?Id=96294,1,2026-07-19,Проверить
SRC-0601,GoldenPages,https://www.goldenpages.uz/en/company/?Id=96295,1,2026-07-19,Проверить
SRC-0602,GoldenPages,https://www.goldenpages.uz/en/company/?Id=96296,1,2026-07-19,Проверить
SRC-0603,GoldenPages,https://www.goldenpages.uz/en/company/?Id=96297,1,2026-07-19,Проверить
SRC-0604,GoldenPages,https://www.goldenpages.uz/en/company/?Id=96298,1,2026-07-19,Проверить
SRC-0605,GoldenPages,https://www.goldenpages.uz/en/company/?Id=96299,1,2026-07-19,Проверить
SRC-0606,GoldenPages,https://www.goldenpages.uz/en/company/?Id=96300,1,2026-07-19,Проверить
SRC-0607,GoldenPages,https://www.goldenpages.uz/en/company/?Id=96301,1,2026-07-19,Проверить
SRC-0608,GoldenPages,https://www.goldenpages.uz/en/company/?Id=96302,1,2026-07-19,Проверить
SRC-0609,GoldenPages,https://www.goldenpages.uz/en/company/?Id=96303,1,2026-07-19,Проверить
SRC-0610,GoldenPages,https://www.goldenpages.uz/en/company/?Id=96304,1,2026-07-19,Проверить
SRC-0611,GoldenPages,https://www.goldenpages.uz/en/company/?Id=96309,1,2026-07-19,Проверить
SRC-0612,GoldenPages,https://www.goldenpages.uz/en/company/?Id=96310,1,2026-07-19,Проверить
SRC-0613,GoldenPages,https://www.goldenpages.uz/en/company/?Id=96311,1,2026-07-19,Проверить
SRC-0614,GoldenPages,https://www.goldenpages.uz/en/company/?Id=96312,1,2026-07-19,Проверить
SRC-0615,GoldenPages,https://www.goldenpages.uz/en/company/?Id=96396,1,2026-07-19,Проверить
SRC-0616,GoldenPages,https://www.goldenpages.uz/en/company/?Id=96484,1,2026-07-19,Проверить
SRC-0617,GoldenPages,https://www.goldenpages.uz/en/company/?Id=96643,1,2026-07-19,Проверить
SRC-0618,GoldenPages,https://www.goldenpages.uz/en/company/?Id=96896,1,2026-07-19,Проверить
SRC-0619,GoldenPages,https://www.goldenpages.uz/en/company/?Id=97036,1,2026-07-19,Проверить
SRC-0620,GoldenPages,https://www.goldenpages.uz/en/company/?Id=97053,1,2026-07-19,Проверить
SRC-0621,GoldenPages,https://www.goldenpages.uz/en/company/?Id=97204,1,2026-07-19,Проверить
SRC-0622,GoldenPages,https://www.goldenpages.uz/en/company/?Id=97206,1,2026-07-19,Проверить
SRC-0623,GoldenPages,https://www.goldenpages.uz/en/company/?Id=97313,1,2026-07-19,Проверить
SRC-0624,GoldenPages,https://www.goldenpages.uz/en/company/?Id=98064,1,2026-07-19,Проверить
SRC-0625,GoldenPages,https://www.goldenpages.uz/en/company/?Id=98495,1,2026-07-19,Проверить
SRC-0626,GoldenPages,https://www.goldenpages.uz/en/company/?Id=98756,1,2026-07-19,Проверить
SRC-0627,GoldenPages,https://www.goldenpages.uz/en/company/?Id=98920,1,2026-07-19,Проверить
SRC-0628,GoldenPages,https://www.goldenpages.uz/en/company/?Id=99252,1,2026-07-19,Проверить
SRC-0629,GoldenPages,https://www.goldenpages.uz/en/company/?Id=99338,1,2026-07-19,Проверить
SRC-0630,GoldenPages,https://www.goldenpages.uz/en/company/?Id=99430,1,2026-07-19,Проверить
SRC-0631,GoldenPages,https://www.goldenpages.uz/en/company/?Id=99724,1,2026-07-19,Проверить
SRC-0632,GoldenPages,https://www.goldenpages.uz/en/rubrics/?Id=106717,1,2026-07-19,Проверить
SRC-0633,GoldenPages,https://www.goldenpages.uz/en/rubrics/?Id=107185,1,2026-07-19,Проверить
SRC-0634,GoldenPages,https://www.goldenpages.uz/en/rubrics/?Id=1439,1,2026-07-19,Проверить
SRC-0635,GoldenPages,https://www.goldenpages.uz/en/rubrics/?Id=1581,1,2026-07-19,Проверить
SRC-0636,GoldenPages,https://www.goldenpages.uz/en/rubrics/?Id=2985,1,2026-07-19,Проверить
SRC-0637,GoldenPages,https://www.goldenpages.uz/en/rubrics/?Id=3473,1,2026-07-19,Проверить
SRC-0638,GoldenPages,https://www.goldenpages.uz/en/rubrics/?Id=3742,1,2026-07-19,Проверить
SRC-0639,Google Maps,,19,2026-07-19,Да
SRC-0640,Google Maps,https://www.google.com/search?q=%D0%9A%D1%83%D0%B9%D0%BB%D1%8E%D0%BA+%D0%B1%D0%B0%D0%B7%D0%B0%D1%80+%D0%90%D0%B1%D1%83+%D0%A1%D0%BE%D1%85%D0%B8%D0%B9+%D0%98%D0%BF%D0%BF%D0%BE%D0%B4%D1%80%D0%BE%D0%BC%D0%BD%D1%8B%D0%B9+%D1%80%D1%8B%D0%BD%D0%BE%D0%BA+%D0%A4%D0%B0%D1%80%D1%85%D0%B0%D0%B4%D1%81%D0%BA%D0%B8%D0%B9+%D0%A3%D1%80%D0%B8%D0%BA%D0%B7%D0%BE%D1%80+%D0%A2%D0%B0%D1%88%D0%BA%D0%B5%D0%BD%D1%82+%D1%80%D0%B0%D0%B9%D0%BE%D0%BD,1,2026-07-19,Да
SRC-0641,OSM,,869,2026-07-19,Проверить
SRC-0642,OSM+clinics.uz,,9,2026-07-19,Проверить
SRC-0643,OpenStreetMap,,1027,2026-07-19,Проверить
SRC-0644,Sprav.uz,https://sprav.uz/article/317-parki-tashkenta,1,2026-07-19,Проверить
SRC-0645,Sprav.uz,https://sprav.uz/article/320-botanicheskij-sad-v-tashkente,1,2026-07-19,Проверить
SRC-0646,Sprav.uz,https://sprav.uz/article/325-park-anhor-lokomotiv-v-tashkente,1,2026-07-19,Проверить
SRC-0647,Sprav.uz,https://sprav.uz/article/368-platnye-parkovki-v-tashkente,1,2026-07-19,Проверить
SRC-0648,Sprav.uz,https://sprav.uz/gostinicy/yunusabadskii-raion,2,2026-07-19,Проверить
SRC-0649,Sprav.uz,https://sprav.uz/publication/328-park-tashkentlend-v-tashkente,1,2026-07-19,Проверить
SRC-0650,Sprav.uz,https://sprav.uz/yuvelirnye-magaziny,2,2026-07-19,Проверить
SRC-0651,TripAdvisor,https://www.tripadvisor.com/Attraction_Review-g293968-d10910955-Reviews-JOY_Bowling_Club-Tashkent_Tashkent_Province.html,1,2026-07-19,Проверить
SRC-0652,TripAdvisor,https://www.tripadvisor.com/Attraction_Review-g293968-d6510837-Reviews-Shopping_Mall_Next-Tashkent_Tashkent_Province.html,1,2026-07-19,Проверить
SRC-0653,TripAdvisor,https://www.tripadvisor.com/Attraction_Review-g293968-d7179048-Reviews-Mall_Samarkand_Darvoza-Tashkent_Tashkent_Province.html,1,2026-07-19,Проверить
SRC-0654,TripAdvisor,https://www.tripadvisor.com/Hotels-g293968-c3-zff26-Tashkent_Tashkent_Province-Hotels.html,5,2026-07-19,Проверить
SRC-0655,TripAdvisor,https://www.tripadvisor.com/Hotels-g293968-c3-zff28-Tashkent_Tashkent_Province-Hotels.html,1,2026-07-19,Проверить
SRC-0656,TripAdvisor,https://www.tripadvisor.com/Hotels-g293968-zfc4-Tashkent_Tashkent_Province-Hotels.html,4,2026-07-19,Проверить
SRC-0657,TripAdvisor,https://www.tripadvisor.com/Hotels-g293968-zfc5-Tashkent_Tashkent_Province-Hotels.html,2,2026-07-19,Проверить
SRC-0658,TripAdvisor,https://www.tripadvisor.com/Restaurant_Review-g293968-d10643480-Reviews-Pie_Republic-Tashkent_Tashkent_Province.html,1,2026-07-19,Проверить
SRC-0659,TripAdvisor,https://www.tripadvisor.com/Restaurant_Review-g293968-d15710581-Reviews-Columbina_Coffee_Boutique-Tashkent_Tashkent_Province.html,1,2026-07-19,Проверить
SRC-0660,TripAdvisor,https://www.tripadvisor.com/Restaurant_Review-g293968-d19098534-Reviews-Rodena_Coffee_Bakery-Tashkent_Tashkent_Province.html,1,2026-07-19,Проверить
SRC-0661,TripAdvisor,https://www.tripadvisor.com/Restaurant_Review-g293968-d25563322-Reviews-Shef_Burger-Tashkent_Tashkent_Province.html,1,2026-07-19,Проверить
SRC-0662,TripAdvisor,https://www.tripadvisor.com/ShowTopic-g293968-i9363-k14942949-Recommendations_for_Tashkent_Hotels_Guesthouses-Tashkent_Tashkent_Province.html,2,2026-07-19,Проверить
SRC-0663,Yandex Maps,https://openkitchen.eda.yandex/article/places/guides/espresso-tur-8-kofeen-v-tashkente,1,2026-07-19,Да
SRC-0664,Yandex Maps,https://yandex.com/maps/10335/tashkent/category/restaurant/184106394/filter/best_rating/,2,2026-07-19,Да
SRC-0665,Yandex Maps,https://yandex.com/maps/org/atlas/216539620855/,1,2026-07-19,Да
SRC-0666,Yandex Maps,https://yandex.com/maps/org/baraka_market/189625915293/,1,2026-07-19,Да
SRC-0667,Yandex Maps,https://yandex.com/maps/org/havas/199504687041/,1,2026-07-19,Да
SRC-0668,Yandex Maps,https://yandex.com/maps/org/havas_supermarket/41299102692/,1,2026-07-19,Да
SRC-0669,Yandex Maps,https://yandex.com/maps/org/kfc/154270047854/,1,2026-07-19,Да
SRC-0670,Yandex Maps,https://yandex.com/maps/org/kids_profi/61082405935/,1,2026-07-19,Да
SRC-0671,Yandex Maps,https://yandex.com/maps/org/moona_cafe/144217339539/,1,2026-07-19,Да
SRC-0672,Yandex Maps,https://yandex.com/maps/org/padel_uz_humo_arena/219133729703/,1,2026-07-19,Да
SRC-0673,Yandex Maps,https://yandex.com/maps/org/sergeli_dekhkon_bozori/94911643110/,1,2026-07-19,Да
SRC-0674,Yandex Maps,https://yandex.ru/maps/102394/chilanzar/category/restaurant/,1,2026-07-19,Да
SRC-0675,Yandex Maps,https://yandex.ru/maps/org/caffelito_coffee/114252705723/,1,2026-07-19,Да
SRC-0676,Yandex Maps,https://yandex.ru/maps/org/kanishka/65621970218/,1,2026-07-19,Да
SRC-0677,Yandex Maps,https://yandex.ru/maps/org/parus/180116660862/,1,2026-07-19,Да
SRC-0678,Yandex Maps,https://yandex.uz/maps/org/korzinka_uz/31892975033/,1,2026-07-19,Да
SRC-0679,YellowPages,https://www.yellowpages.uz/en/rubric/markets/tashkent,2,2026-07-19,Проверить
SRC-0680,YellowPages,https://www.yellowpages.uz/en/rubric/parks/tashkent,1,2026-07-19,Проверить
SRC-0681,YellowPages,https://www.yellowpages.uz/en/rubric/restaurants/tashkent/mirzo-ulugbek,1,2026-07-19,Проверить
SRC-0682,advantour.com,https://www.advantour.com/rus/uzbekistan/tashkent/attractions.htm,6,2026-07-19,Проверить
SRC-0683,advantour.com,https://www.advantour.com/rus/uzbekistan/tashkent/restaurants/afsona.htm,1,2026-07-19,Проверить
SRC-0684,advantour.com,https://www.advantour.com/rus/uzbekistan/tashkent/restaurants/caravan-main.htm,1,2026-07-19,Проверить
SRC-0685,advantour.com,https://www.advantour.com/uzbekistan/museums/tashkent-museums.htm,1,2026-07-19,Проверить
SRC-0686,afisha.uz,https://www.afisha.uz/ru/children/2025/05/29/water-parks-2025,1,2026-07-19,Проверить
SRC-0687,afisha.uz,https://www.afisha.uz/ru/gorod/2020/09/04/river-park,1,2026-07-19,Проверить
SRC-0688,afisha.uz,https://www.afisha.uz/ru/gorod/2025/11/01/tennis,5,2026-07-19,Проверить
SRC-0689,afisha.uz,https://www.afisha.uz/ru/places/anhor-park-mall,1,2026-07-19,Проверить
SRC-0690,afisha.uz,https://www.afisha.uz/ru/restaurants/2023/07/14/costa-coffee,1,2026-07-19,Проверить
SRC-0691,afisha.uz,https://www.afisha.uz/ru/shops/2014/03/28/otkryitie-samarkand-darvoza,1,2026-07-19,Проверить
SRC-0692,amity.uz,https://amity.uz/en/site/contact,1,2026-07-19,Проверить
SRC-0693,anons.uz,https://anons.uz/ru/news/lokatsiya-pervikh-restoranov-subway-cinnabon-v-tashkente,2,2026-07-19,Проверить
SRC-0694,autostrada.uz,https://www.autostrada.uz/platnye-parkovki-v-tashkente/,1,2026-07-19,Проверить
SRC-0695,aviasales.uz,https://www.aviasales.uz/yolovchi/article/kuda-pojti-s-detmi-v-tashkente,2,2026-07-19,Проверить
SRC-0696,aviasales.uz,https://www.aviasales.uz/yolovchi/article/magic-city-tashkent,1,2026-07-19,Проверить
SRC-0697,bbhouseuz.com,https://bbhouseuz.com/gym-clubs/,4,2026-07-19,Проверить
SRC-0698,be-in.ru,https://www.be-in.ru/network/5581-lc-waikiki-address/tashkent/,1,2026-07-19,Проверить
SRC-0699,be-in.ru,https://www.be-in.ru/network/tashkent/,2,2026-07-19,Проверить
SRC-0700,beekids.uz,https://beekids.uz/en/institution/ellipse-international-school/main,1,2026-07-19,Проверить
SRC-0701,befit.uz,https://befit.uz/pro/,1,2026-07-19,Проверить
SRC-0702,bigben.uz,https://bigben.uz/category/yuvelirnye-izdeliya,1,2026-07-19,Проверить
SRC-0703,bliss-optika.uz,https://bliss-optika.uz/,1,2026-07-19,Проверить
SRC-0704,blog.global-guide.org,https://blog.global-guide.org/chto-posmotret-v-tashkente-top-30-dostoprimechatelnostej,2,2026-07-19,Проверить
SRC-0705,cakelab.uz,https://cakelab.uz/en,1,2026-07-19,Проверить
SRC-0706,central-asia.guide,https://central-asia.guide/uzbekistan/destinations-uz/tashkent/tashkent-parks/,2,2026-07-19,Проверить
SRC-0707,centralasia-travel.com,https://www.centralasia-travel.com/ru/countries/uzbekistan/places/bazaars/alay_bazaar,1,2026-07-19,Проверить
SRC-0708,centralasia-travel.com,https://www.centralasia-travel.com/ru/countries/uzbekistan/places/tashkent/plov_center,1,2026-07-19,Проверить
SRC-0709,centralasia.club,https://centralasia.club/uzbekistan/tashkent/ploshhadi-skvery-i-pamyatniki,1,2026-07-19,Проверить
SRC-0710,centrum.gl.uz,https://centrum.gl.uz/,1,2026-07-19,Проверить
SRC-0711,chekhov.uz,https://chekhov.uz/,1,2026-07-19,Проверить
SRC-0712,cherdak-quest.uz,https://cherdak-quest.uz/,1,2026-07-19,Проверить
SRC-0713,chiccobaby.uz,https://chiccobaby.uz/,1,2026-07-19,Проверить
SRC-0714,cinema.magiccity.uz,https://cinema.magiccity.uz/seances,1,2026-07-19,Проверить
SRC-0715,cinemaplex.uz,https://cinemaplex.uz/cinema?facility=cinemaplex,1,2026-07-19,Проверить
SRC-0716,cinematica.uz,https://cinematica.uz/imax/repertory,1,2026-07-19,Проверить
SRC-0717,clinics.uz,,652,2026-07-19,Проверить
SRC-0718,compassmall.uz,https://compassmall.uz/cinema/,1,2026-07-19,Проверить
SRC-0719,daryo.uz,https://daryo.uz/en/category/uzbekistan/tmgdwcaoci0g/,1,2026-07-19,Проверить
SRC-0720,diamant.uz,https://diamant.uz/,1,2026-07-19,Проверить
SRC-0721,dolorestravel.com,https://dolorestravel.com/en/guide/ashhabad,1,2026-07-19,Проверить
SRC-0722,dreampark.uz,https://dreampark.uz/,1,2026-07-19,Проверить
SRC-0723,east-fruit.com,https://east-fruit.com/en/news/first-carrefour-store-opened-in-uzbekistan-what-does-this-mean-for-the-market/,1,2026-07-19,Проверить
SRC-0724,edarabia.com,https://www.edarabia.com/schools/tashkent/,4,2026-07-19,Проверить
SRC-0725,en.wikipedia.org,https://en.wikipedia.org/wiki/Humo_Arena,1,2026-07-19,Проверить
SRC-0726,en.wikipedia.org,https://en.wikipedia.org/wiki/Inha_University_in_Tashkent,1,2026-07-19,Проверить
SRC-0727,en.wikipedia.org,https://en.wikipedia.org/wiki/Makro_(Uzbekistan),4,2026-07-19,Проверить
SRC-0728,en.wikipedia.org,https://en.wikipedia.org/wiki/Tashkent_City_Park,1,2026-07-19,Проверить
SRC-0729,en.wikipedia.org,https://en.wikipedia.org/wiki/Tashkent_supermarket_chains_of_uzbekistan_produce_department_ranking,1,2026-07-19,Проверить
SRC-0730,expedia.com,https://www.expedia.com/Tashkent-Hotels-Hyatt-Regency-Tashkent.h16453631.Hotel-Information,1,2026-07-19,Проверить
SRC-0731,facebook.com,https://www.facebook.com/lasertaglovushka/,1,2026-07-19,Проверить
SRC-0732,fonon.uz,https://fonon.uz/en,1,2026-07-19,Проверить
SRC-0733,foodcost.uz,https://foodcost.uz/reviews/set-kofeen-black-bear-coffee-uzbekistan-tashkent/,1,2026-07-19,Проверить
SRC-0734,gazeta.uz,https://www.gazeta.uz/en/2025/12/17/burger-king-uzbekistan/,1,2026-07-19,Проверить
SRC-0735,gazeta.uz,https://www.gazeta.uz/ru/2017/06/10/babur-central-park/,1,2026-07-19,Проверить
SRC-0736,gazeta.uz,https://www.gazeta.uz/ru/2019/06/19/wendys/,1,2026-07-19,Проверить
SRC-0737,gazeta.uz,https://www.gazeta.uz/ru/2021/10/21/park/,1,2026-07-19,Проверить
SRC-0738,gazeta.uz,https://www.gazeta.uz/ru/2021/12/14/magnum/,1,2026-07-19,Проверить
SRC-0739,gazeta.uz,https://www.gazeta.uz/ru/2022/03/20/magic-city/,1,2026-07-19,Проверить
SRC-0740,gazeta.uz,https://www.gazeta.uz/ru/2024/03/04/tashkent-city-mall/,4,2026-07-19,Проверить
SRC-0741,gazeta.uz,https://www.gazeta.uz/ru/2024/04/04/sky-park-tashkent/,1,2026-07-19,Проверить
SRC-0742,gazeta.uz,https://www.gazeta.uz/ru/2024/10/17/paid-parking/,1,2026-07-19,Проверить
SRC-0743,gazeta.uz,https://www.gazeta.uz/ru/2024/11/19/askiya/,1,2026-07-19,Проверить
SRC-0744,gazeta.uz,https://www.gazeta.uz/ru/2025/09/03/moms-touch/,1,2026-07-19,Проверить
SRC-0745,gazeta.uz,https://www.gazeta.uz/ru/2026/05/20/skate-park-tashkent/,1,2026-07-19,Проверить
SRC-0746,goldentoys.uz,https://goldentoys.uz/,1,2026-07-19,Проверить
SRC-0747,gorodknig.uz,https://gorodknig.uz/,1,2026-07-19,Проверить
SRC-0748,guruturizma.ru,https://guruturizma.ru/17-luchshix-muzeej-tashkenta/,6,2026-07-19,Проверить
SRC-0749,havasfood.uz,https://havasfood.uz/en/,1,2026-07-19,Проверить
SRC-0750,hazarlogistik.uz,https://hazarlogistik.uz/en,1,2026-07-19,Проверить
SRC-0751,hello-park.com,https://hello-park.com/tashkent/main,1,2026-07-19,Проверить
SRC-0752,hilton.com,https://www.hilton.com/en/hotels/tastchi-hilton-tashkent-city/,1,2026-07-19,Проверить
SRC-0753,hilton.com,https://www.hilton.com/en/hotels/tastchi-hilton-tashkent-city/dining/,1,2026-07-19,Проверить
SRC-0754,hyatt.com,https://www.hyatt.com/hyatt-regency/en-US/tasrt-hyatt-regency-tashkent/dining,1,2026-07-19,Проверить
SRC-0755,hyattrestaurants.com,https://www.hyattrestaurants.com/en/tashkent/restaurant/sette-restaurant-bar,1,2026-07-19,Проверить
SRC-0756,ihg.com,https://www.ihg.com/intercontinental/hotels/us/en/tashkent/tasat/hoteldetail,1,2026-07-19,Проверить
SRC-0757,indexbozor.uz,https://indexbozor.uz/,1,2026-07-19,Проверить
SRC-0758,instagram.com,https://www.instagram.com/optimistoptics/,1,2026-07-19,Проверить
SRC-0759,international-schools-database.com,https://www.international-schools-database.com/in/tashkent/top-schools-in-tashkent,3,2026-07-19,Проверить
SRC-0760,irecommend.ru,https://irecommend.ru/content/samyi-bolshoi-veshchevoi-rynok-uzbekistana-chto-ya-zdes-pokupayu,1,2026-07-19,Проверить
SRC-0761,kanstik.uz,https://kanstik.uz/,1,2026-07-19,Проверить
SRC-0762,kanstovari.uz,https://kanstovari.uz/,1,2026-07-19,Проверить
SRC-0763,kayak.com,https://www.kayak.com/Tashkent-Hotels-Royal-Residence-Tashkent.2662246.ksp,2,2026-07-19,Проверить
SRC-0764,kidsland.uz,https://kidsland.uz,1,2026-07-19,Проверить
SRC-0765,kimmylab.uz,https://kimmylab.uz/,1,2026-07-19,Проверить
SRC-0766,korzinka.uz,https://korzinka.uz/en,1,2026-07-19,Проверить
SRC-0767,korzinka.uz,https://korzinka.uz/en/stores,1,2026-07-19,Проверить
SRC-0768,logisticsorient.uz,https://logisticsorient.uz/en/,1,2026-07-19,Проверить
SRC-0769,magiccity.uz,https://magiccity.uz/,1,2026-07-19,Проверить
SRC-0770,markermarket.uz,https://markermarket.uz/,1,2026-07-19,Проверить
SRC-0771,mediapark.uz,https://mediapark.uz/ourshops,1,2026-07-19,Проверить
SRC-0772,meganstarr.com,https://www.meganstarr.com/tashkent-cafes-coffee-shops/,1,2026-07-19,Проверить
SRC-0773,merenga.uz,https://merenga.uz/,1,2026-07-19,Проверить
SRC-0774,mir-kvestov.uz,https://mir-kvestov.uz/,1,2026-07-19,Проверить
SRC-0775,myday.uz,http://myday.uz/detyam/igrovie-zoni/detskaya-ploshadka-gorodok,1,2026-07-19,Проверить
SRC-0776,myday.uz,http://myday.uz/igrovaya-zona/10-kvestrumov-tashkenta,1,2026-07-19,Проверить
SRC-0777,myday.uz,http://myday.uz/igrovaya-zona/orange-park,1,2026-07-19,Проверить
SRC-0778,myday.uz,https://myday.uz/eda/restorani-i-kafe/noviy-filial-seti-kofeen-chaykof-na-c,1,2026-07-19,Проверить
SRC-0779,myday.uz,https://myday.uz/parki/11-parkov-tashkenta-gde-poproshatysya-s-letom,3,2026-07-19,Проверить
SRC-0780,new-hotels-guide.com,https://new-hotels-guide.com/tashkent/,4,2026-07-19,Проверить
SRC-0781,nightout.ru,https://nightout.ru/tash/the-bowler-trts-mega-planet,1,2026-07-19,Проверить
SRC-0782,nordangliaeducation.com,https://www.nordangliaeducation.com/bst-tashkent,1,2026-07-19,Проверить
SRC-0783,olc.uz,https://olc.uz/,1,2026-07-19,Проверить
SRC-0784,oprava.uz,https://oprava.uz/,1,2026-07-19,Проверить
SRC-0785,orexca.com,https://www.orexca.com/rus/uzbekistan/tashkent/nightlife.htm,9,2026-07-19,Проверить
SRC-0786,otpusk.uz,https://otpusk.uz/ru/uzbekistan/sights/tashkent-museums-and-theaters,9,2026-07-19,Проверить
SRC-0787,padel.uz,https://padel.uz/,1,2026-07-19,Проверить
SRC-0788,padelone.uz,https://padelone.uz/,1,2026-07-19,Проверить
SRC-0789,pc.uz,https://pc.uz/company/126548-korzinka-go,1,2026-07-19,Проверить
SRC-0790,podrobno.uz,https://podrobno.uz/cat/obchestvo/seulskiy-gorodok-u-rechki-privlekatelnye-investitsii-v-vashe-budushchee/,1,2026-07-19,Проверить
SRC-0791,podrobno.uz,https://podrobno.uz/cat/obchestvo/tashkent-staryy-i-novyy-eksperty-predlozhili-kak-razvivat-stolichnoe-metro-na-fone-rasshireniya-goro/,1,2026-07-19,Проверить
SRC-0792,podrobno.uz,https://podrobno.uz/cat/obchestvo/v-tashkente-otkrylsya-krupneyshiy-v-tsentralnoy-azii-knizhnyy-magazin-/,1,2026-07-19,Проверить
SRC-0793,qubicaamf.ru,https://qubicaamf.ru/novosti/sobytiya-industrii/novyj-bouling-klub-v-trc-samarkand-darvoza/,1,2026-07-19,Проверить
SRC-0794,questhouse.uz,https://questhouse.uz/,1,2026-07-19,Проверить
SRC-0795,questzone.uz,https://questzone.uz/,1,2026-07-19,Проверить
SRC-0796,radissonhotels.com,https://www.radissonhotels.com/en-us/hotels/radisson-tashkent,1,2026-07-19,Проверить
SRC-0797,rider.uz,https://rider.uz/ru/,1,2026-07-19,Проверить
SRC-0798,ru.wikipedia.org,"https://ru.wikipedia.org/wiki/%D0%94%D1%80%D1%83%D0%B6%D0%B1%D0%B0_%D0%BD%D0%B0%D1%80%D0%BE%D0%B4%D0%BE%D0%B2_(%D0%BC%D0%BE%D0%BD%D1%83%D0%BC%D0%B5%D0%BD%D1%82,_%D0%A2%D0%B0%D1%88%D0%BA%D0%B5%D0%BD%D1%82)",1,2026-07-19,Проверить
SRC-0799,ru.wikipedia.org,https://ru.wikipedia.org/wiki/%D0%9D%D0%BE%D0%B2%D1%8B%D0%B9_%D0%A3%D0%B7%D0%B1%D0%B5%D0%BA%D0%B8%D1%81%D1%82%D0%B0%D0%BD_(%D0%BF%D0%B0%D1%80%D0%BA),1,2026-07-19,Проверить
SRC-0800,ru.wikipedia.org,https://ru.wikipedia.org/wiki/%D0%9F%D0%B0%D1%80%D0%BA_%D0%9F%D0%BE%D0%B1%D0%B5%D0%B4%D1%8B_(%D0%A2%D0%B0%D1%88%D0%BA%D0%B5%D0%BD%D1%82),1,2026-07-19,Проверить
SRC-0801,ru.wikipedia.org,"https://ru.wikipedia.org/wiki/Локомотив_(стадион,_Ташкент)",1,2026-07-19,Проверить
SRC-0802,ru.wikipedia.org,https://ru.wikipedia.org/wiki/Национальный_стадион_(Ташкент),1,2026-07-19,Проверить
SRC-0803,ru.wikipedia.org,"https://ru.wikipedia.org/wiki/Чорсу_(базар,_Ташкент)",1,2026-07-19,Проверить
SRC-0804,safiabakery.uz,https://safiabakery.uz/ru/locations,1,2026-07-19,Проверить
SRC-0805,salon.uz,https://salon.uz/beauty/,1,2026-07-19,Проверить
SRC-0806,sdmall.uz,https://sdmall.uz/entertainment/play-arena,1,2026-07-19,Проверить
SRC-0807,skyparktashkent.uz,https://skyparktashkent.uz/,1,2026-07-19,Проверить
SRC-0808,sportway.uz,https://sportway.uz/,1,2026-07-19,Проверить
SRC-0809,spot.uz,https://www.spot.uz/ru/2024/08/28/galmart-opening/,1,2026-07-19,Проверить
SRC-0810,spot.uz,https://www.spot.uz/ru/2025/07/28/marriott/,1,2026-07-19,Проверить
SRC-0811,spot.uz,https://www.spot.uz/ru/2026/04/09/scopus-mall/,1,2026-07-19,Проверить
SRC-0812,spot.uz,https://www.spot.uz/ru/2026/05/13/ibis/,1,2026-07-19,Проверить
SRC-0813,sputnik8.com,https://www.sputnik8.com/ru/tashkent/pages/transport-v-tashkente-kak-polzovatsya-metro-avtobusami-i-taksi,1,2026-07-19,Проверить
SRC-0814,tashkent-hotels.com,https://www.tashkent-hotels.com/rus/tashkent/sights/tashkent-vokzal.htm,1,2026-07-19,Проверить
SRC-0815,tashkent.etagi.com,https://tashkent.etagi.com/en-us/zastr/spisok-jk/,4,2026-07-19,Проверить
SRC-0816,tashkent.warpoint.com,https://tashkent.warpoint.com/,1,2026-07-19,Проверить
SRC-0817,tashkenttimes.uz,https://tashkenttimes.uz/business/6200-carrefour-to-open-supermarkets-at-samarkand-darvoza-and-compass-malls,2,2026-07-19,Проверить
SRC-0818,tashschool.org,https://www.tashschool.org/,1,2026-07-19,Проверить
SRC-0819,tashtrans.uz,https://tashtrans.uz/sxema-linij-tashkentskogo-metropolitena/,1,2026-07-19,Проверить
SRC-0820,tastingtashkent.wixsite.com,https://tastingtashkent.wixsite.com/mysite/post/socials-cafe,1,2026-07-19,Проверить
SRC-0821,tcmall.uz,https://tcmall.uz/ru,1,2026-07-19,Проверить
SRC-0822,tcmall.uz,https://tcmall.uz/ru/cinema,1,2026-07-19,Проверить
SRC-0823,texnomart.uz,https://texnomart.uz/ru/,1,2026-07-19,Проверить
SRC-0824,tezinfo.uz,https://tezinfo.uz/education/private-universities,1,2026-07-19,Проверить
SRC-0825,top-school.uz,https://top-school.uz/portal-top-school-uz-predstavlyaet-vashemu-vnimaniju-podborku-iz-10-samyh-populyarnyh-chastnyh-detskih-sadikov-tashkenta-dannyj-material-nosit-informacionnyj-harakter-osnovan-na-svedeniyah-o-chastnyh/,5,2026-07-19,Проверить
SRC-0826,top.uz,https://top.uz/section/parki-kultury-i-otdykha,3,2026-07-19,Проверить
SRC-0827,topar.uz,https://topar.uz/,1,2026-07-19,Проверить
SRC-0828,tourcentralasia.com,https://tourcentralasia.com/uzbekistan/best-restaurants-in-tashkent-uzbekistan/,3,2026-07-19,Проверить
SRC-0829,tourcentralasia.com,https://tourcentralasia.com/uzbekistan/top-things-to-do-in-tashkent-for-kids-and-families/,2,2026-07-19,Проверить
SRC-0830,tourister.ru,https://www.tourister.ru/world/asia/uzbekistan/city/tashkent/busstations/45886,1,2026-07-19,Проверить
SRC-0831,tourister.ru,https://www.tourister.ru/world/asia/uzbekistan/city/tashkent/parks/35491,1,2026-07-19,Проверить
SRC-0832,tourister.ru,https://www.tourister.ru/world/asia/uzbekistan/city/tashkent/parks_ent/24107,1,2026-07-19,Проверить
SRC-0833,tourstouzbekistan.com,https://www.tourstouzbekistan.com/en/hotels/taschkent/shodlik-palace.html,1,2026-07-19,Проверить
SRC-0834,tourstouzbekistan.com,https://www.tourstouzbekistan.com/en/hotels/tashkent/miran-international.html,1,2026-07-19,Проверить
SRC-0835,turizm.ru,https://www.turizm.ru/uzbekistan/tashkent/dosttype_magazini/shopping_centers/,1,2026-07-19,Проверить
SRC-0836,ucc.uz,https://ucc.uz/,1,2026-07-19,Проверить
SRC-0837,ucheba.ru,https://www.ucheba.ru/for-abiturients/vuz/tashkent/gosudarstvennye,4,2026-07-19,Проверить
SRC-0838,ufcgym.uz,https://ufcgym.uz/,1,2026-07-19,Проверить
SRC-0839,uz.sputniknews.ru,https://uz.sputniknews.ru/20231118/top-5-bazarov-tashkenta-41080719.html,1,2026-07-19,Проверить
SRC-0840,uzathletics.uz,https://uzathletics.uz/stadion-pahtakor,1,2026-07-19,Проверить
SRC-0841,uzbekistan.travel,https://uzbekistan.travel/en/o/tashkent-ecopark/,1,2026-07-19,Проверить
SRC-0842,uzum.uz,https://uzum.uz/media/rynki-tashkenta/,1,2026-07-19,Проверить
SRC-0843,uzum.uz,https://uzum.uz/media/torgovyye-tsentry-v-tashkente/,1,2026-07-19,Проверить
SRC-0844,visioncare.uz,https://visioncare.uz/,1,2026-07-19,Проверить
SRC-0845,visit.tashkent.uz,https://visit.tashkent.uz/en/more/kid/241,1,2026-07-19,Проверить
SRC-0846,wanderlog.com,https://wanderlog.com/list/geoCategory/138740/best-things-to-do-with-kids-in-tashkent,1,2026-07-19,Проверить
SRC-0847,wanderlog.com,https://wanderlog.com/list/geoCategory/38433/best-fast-food-restaurants-in-tashkent,2,2026-07-19,Проверить
SRC-0848,wanderlog.com,https://wanderlog.com/list/geoCategory/52712/best-italian-restaurants-in-tashkent,2,2026-07-19,Проверить
SRC-0849,webtashkent.com,https://www.webtashkent.com/en/,1,2026-07-19,Проверить
SRC-0850,webtashkent.com,https://www.webtashkent.com/en/property/grand-mir-hotel.html,1,2026-07-19,Проверить
SRC-0851,weproject.media,https://weproject.media/articles/detail/10-krutykh-chastnykh-shkol-v-tashkente-s-izucheniem-yazykov-sektsiyami-i-razvitoy-infrastrukturoy/,2,2026-07-19,Проверить
SRC-0852,weproject.media,https://weproject.media/articles/detail/10-prestizhnykh-mezhdunarodnykh-universitetov-v-tashkente/,5,2026-07-19,Проверить
SRC-0853,weproject.media,https://weproject.media/articles/detail/chaykhana-v-tashkente-7-mest-gde-vy-smozhete-prochuvstvovat-uzbekskiy-kolorit/,2,2026-07-19,Проверить
SRC-0854,weproject.media,https://weproject.media/articles/detail/gde-poplavat-v-tashkente-7-basseynov-dlya-sporta-i-otdykha/,3,2026-07-19,Проверить
SRC-0855,weproject.media,https://weproject.media/articles/detail/nochnoy-tashkente-kuda-idti-v-stolitse-kogda-vse-spyat/,3,2026-07-19,Проверить
SRC-0856,weproject.media,https://weproject.media/articles/detail/shoping-v-tashkente-luchshie-torgovye-tsentry-v-stolitse-uzbekistana/,5,2026-07-19,Проверить
SRC-0857,wheree.com,https://www.wheree.com/Fast_Food-c423-g2210491-Tashkent_City,2,2026-07-19,Проверить
SRC-0858,wiut.uz,https://www.wiut.uz/contact-us,1,2026-07-19,Проверить
SRC-0859,wolt.com,https://wolt.com/en/uzb/tashkent/brands,3,2026-07-19,Проверить
SRC-0860,wolt.com,https://wolt.com/en/uzb/tashkent/uzb-top-brands-carousel-feed-up,1,2026-07-19,Проверить
SRC-0861,yarodilsya.uz,https://yarodilsya.uz/,1,2026-07-19,Проверить
SRC-0862,yep.uz,https://yep.uz/ru/2021/04/panoramnyj-ili-dvorec-kino-imeni-alishera-navoi/,1,2026-07-19,Проверить
SRC-0863,yunsc.uz,https://yunsc.uz/,1,2026-07-19,Проверить
SRC-0864,Yandex Maps,https://yandex.uz/maps/org/maurice/168253529726/,1,2026-07-19,Да
SRC-0865,Google Maps,https://www.google.com/maps/place/TKH+Restaurant,1,2026-07-19,Да
SRC-0866,Yandex Maps,https://yandex.uz/maps/org/240565092003/,1,2026-07-19,Да
SRC-0867,Google Maps,https://www.google.com/maps/place/Сорренто,1,2026-07-19,Да
SRC-0868,Yandex Maps,https://yandex.uz/maps/org/sorrento/84587953949/,1,2026-07-19,Да
SRC-0869,Yandex Maps,https://yandex.uz/maps/org/5177751444/,1,2026-07-19,Да
SRC-0870,Google Maps,https://www.google.com/maps/place/Bamonti+by+Olivo,1,2026-07-19,Да
SRC-0871,Yandex Maps,https://yandex.uz/maps/org/187828784571/,1,2026-07-19,Да
SRC-0872,Google Maps,https://www.google.com/maps/place/Stylo+Restaurant+%26+Lounge,1,2026-07-19,Да
SRC-0873,Yandex Maps,https://yandex.uz/maps/org/76601915316/,1,2026-07-19,Да
SRC-0874,Yandex Maps,https://yandex.uz/maps/org/yalpiz/32603585869/,1,2026-07-19,Да
SRC-0875,Yandex Maps,https://yandex.uz/maps/org/149263143937/,1,2026-07-19,Да
SRC-0876,Google Maps,https://www.google.com/maps/place/Kaif,1,2026-07-19,Да
SRC-0877,Yandex Maps,https://yandex.uz/maps/org/kaif_experience/176968459470/,1,2026-07-19,Да
SRC-0878,Google Maps,https://www.google.com/maps/place/Afsona+Shevchenko,1,2026-07-19,Да
SRC-0879,Yandex Maps,https://yandex.uz/maps/org/afsona/188280923596/,1,2026-07-19,Да
SRC-0880,Yandex Maps,https://yandex.uz/maps/org/156594463011/,1,2026-07-19,Да
SRC-0881,Google Maps,https://www.google.com/maps/place/Tanuki,1,2026-07-19,Да
SRC-0882,Yandex Maps,https://yandex.uz/maps/org/230179686033/,1,2026-07-19,Да
SRC-0883,Yandex Maps,https://yandex.uz/maps/org/223037159306/,1,2026-07-19,Да
SRC-0884,Yandex Maps,https://yandex.uz/maps/org/99885781654/,1,2026-07-19,Да
SRC-0885,Google Maps,https://www.google.com/maps/place/A-RISTORANTE,1,2026-07-19,Да
SRC-0886,Yandex Maps,https://yandex.uz/maps/org/222218743543/,1,2026-07-19,Да
SRC-0887,Google Maps,https://www.google.com/maps/place/Yemali,1,2026-07-19,Да
SRC-0888,Google Maps,https://www.google.com/maps/place/Manana,1,2026-07-19,Да
SRC-0889,Yandex Maps,https://yandex.uz/maps/org/68902836122/,1,2026-07-19,Да
SRC-0890,Yandex Maps,https://yandex.uz/maps/org/231088156958/,1,2026-07-19,Да
SRC-0891,Yandex Maps,https://yandex.uz/maps/org/239666312927/,1,2026-07-19,Да
SRC-0892,Yandex Maps,https://yandex.uz/maps/org/62850972402/,1,2026-07-19,Да
SRC-0893,Yandex Maps,https://yandex.uz/maps/org/89385993414/,1,2026-07-19,Да
SRC-0894,Google Maps,https://www.google.com/maps/place/GRADO,1,2026-07-19,Да
SRC-0895,Google Maps,https://www.google.com/maps/place/Cheng+Du,1,2026-07-19,Да
SRC-0896,Google Maps,https://www.google.com/maps/place/The+Mayfair+Pub,1,2026-07-19,Да
SRC-0897,Yandex Maps,https://yandex.uz/maps/org/113720200298/,1,2026-07-19,Да
SRC-0898,Google Maps,https://www.google.com/maps/place/Bourbon+Restaurant,1,2026-07-19,Да
SRC-0899,Google Maps,https://www.google.com/maps/place/Fabis,1,2026-07-19,Да
SRC-0900,Google Maps,https://www.google.com/maps/place/Rasputin+Restaurant,1,2026-07-19,Да
SRC-0901,Google Maps,https://www.google.com/maps/place/Osteria+Mario,1,2026-07-19,Да
SRC-0902,Google Maps,https://www.google.com/maps/place/Master+Coffee,1,2026-07-19,Да
SRC-0903,Yandex Maps,https://yandex.uz/maps/org/master_coffee/129003137267/,1,2026-07-19,Да
SRC-0904,2GIS,https://2gis.uz/tashkent/search/Master%20Coffee%20Mirabad%2027,1,2026-07-19,Да
SRC-0905,Google Maps,https://www.google.com/maps/place/Coffee+Nation,1,2026-07-19,Да
SRC-0906,Yandex Maps,https://yandex.uz/maps/org/coffee_nation/179400818552/,1,2026-07-19,Да
SRC-0907,2GIS,https://2gis.uz/tashkent/search/Coffee%20Nation%20Afrosiab%2014,1,2026-07-19,Да
SRC-0908,Google Maps,https://www.google.com/maps/search/Bon+Fidokor+40,1,2026-07-19,Да
SRC-0909,Yandex Maps,https://yandex.uz/maps/org/bon_/62047701008/,1,2026-07-19,Да
SRC-0910,2GIS,https://2gis.uz/tashkent/search/Bon%20Fidokor%2040,1,2026-07-19,Да
SRC-0911,Google Maps,https://www.google.com/maps/place/Shavi+Coffee+Roasters,1,2026-07-19,Да
SRC-0912,Yandex Maps,https://yandex.uz/maps/org/shavi_coffee_roasters/32347193136/,1,2026-07-19,Да
SRC-0913,2GIS,https://2gis.uz/tashkent/search/Shavi%20Coffee%20Roasters%20Buxoro%2026,1,2026-07-19,Да
SRC-0914,2GIS,https://2gis.uz/tashkent/search/Socials%20Taras%20Shevchenko,1,2026-07-19,Да
SRC-0915,2GIS,https://2gis.uz/tashkent/search/Patriki%20Taras%20Shevchenko,1,2026-07-19,Да
SRC-0916,2GIS,https://2gis.uz/tashkent/search/B%26B%20Coffee%20House%20Fidokor,1,2026-07-19,Да
SRC-0917,2GIS,https://2gis.uz/tashkent/search/Costa%20Coffee%20Taras%20Shevchenko,1,2026-07-19,Да
SRC-0918,2GIS,https://2gis.uz/tashkent/search/Organic%20food%20Yakub%20Kolas,1,2026-07-19,Да
SRC-0919,2GIS,https://2gis.uz/tashkent/search/Rassvet%20Taras%20Shevchenko,1,2026-07-19,Да
