id,sourceId,name,country,city,category,type,investor,architect,gba,gla,openingYear,scope,businessLines,status,lat,lng,coordinateAccuracy,verification,coordinateSource,geocodeMethod,inferredLocation,source,sourceDate,dataVersion
portfolio-001,1,QTU Mall,Albania,Tirana,Community / Neighborhood Mall,mall,Balkan Finance Investment Group (Balfin),Öncüoğlu Architects,47000.0,27500.0,2005,Retail Strategy | Merchandise Mix | Zoning | Budgeting | RRR Strategy | Design / Architecture Advisory,Advisory,completed,41.3275,19.8187,city_geocoded,needs_review,CASE Portfolio GeoJSON · city-level geocode,city,False,CASE projects list.xlsx,2026-07-20,4.9.3
portfolio-002,2,TEG Mall,Albania,Tirana,Regional Mall,mall,Balkan Finance Investment Group (Balfin),Yazgan Design Architecture,96000.0,50400.0,2011,Retail Strategy | Merchandise Mix | Zoning | Budgeting | RRR Strategy | Design / Architecture Advisory,Advisory,completed,41.31718,19.83129,city_geocoded,needs_review,CASE Portfolio GeoJSON · city-level geocode,city,False,CASE projects list.xlsx,2026-07-20,4.9.3
portfolio-003,3,Mall of Dilmunia,Bahrain,Dilmunia Island,Regional Mall,mall,Dilmunia Mall Development Company W.L.L.,DP Architects,125000.0,40700.0,2020,Retail Strategy | Merchandise Mix | Zoning | Budgeting | Tenant Mix | Leasing | Design / Architecture Advisory,Advisory | Leasing & Sales,completed,26.253,50.636,city_geocoded,needs_review,CASE Portfolio GeoJSON · city-level geocode,city,False,CASE projects list.xlsx,2026-07-20,4.9.3
portfolio-004,4,Abraj Al Bait / Burj Boulevard,Kingdom of Saudi Arabia,Makkah,Integrated / Super-Regional Mall,mixed,"Saudi Bin Laden Group, Ministry of Islamic Affairs",Dar Al-Handasah Architects,75000.0,45000.0,2012,Retail Strategy | Merchandise Mix | Zoning | Budgeting,Advisory,completed,21.4225,39.8262,city_geocoded,needs_review,CASE Portfolio GeoJSON · city-level geocode,city,False,CASE projects list.xlsx,2026-07-20,4.9.3
portfolio-005,5,Al Amer Mall,Kingdom of Saudi Arabia,Al Ahsa,Community / Neighborhood Mall,mall,Abdullah Ali Al Amer & Bros. Trading Co,N/A,60000.0,33100.0,2024,Retail Strategy | Merchandise Mix | Zoning | Budgeting | Tenant Mix | Leasing | Design / Architecture Advisory,Advisory | Leasing & Sales,completed,25.3833,49.5869,city_geocoded,needs_review,CASE Portfolio GeoJSON · city-level geocode,city,False,CASE projects list.xlsx,2026-07-20,4.9.3
portfolio-006,6,Al Rashid Mall,Kingdom of Saudi Arabia,Al Khobar,Regional Mall,mall,Al-Rashid Trading & Contracting Co CJSC,"DLR Group, Architecture & Planning Group (APG)",400000.0,116000.0,1995,Retail Strategy | Merchandise Mix | Zoning | Budgeting | Tenant Mix | Leasing | Design / Architecture Advisory,Advisory | Leasing & Sales,completed,26.2794,50.2083,city_geocoded,needs_review,CASE Portfolio GeoJSON · city-level geocode,city,False,CASE projects list.xlsx,2026-07-20,4.9.3
portfolio-007,7,Al Salam Gardens,Kingdom of Saudi Arabia,Madinah,Lifestyle Centre,mall,Injaz Real Estate Development,N/A,35000.0,25500.0,2024,Retail Strategy | Merchandise Mix | Zoning | Budgeting | Tenant Mix | Leasing | Design / Architecture Advisory,Advisory | Leasing & Sales,completed,24.4686,39.6142,city_geocoded,needs_review,CASE Portfolio GeoJSON · city-level geocode,city,False,CASE projects list.xlsx,2026-07-20,4.9.3
portfolio-008,8,Arkaziya Mall,Kingdom of Saudi Arabia,Dammam,Regional Mall,mall,RIKAZ Properties Co Ltd,N/A,67000.0,44800.0,2026,Retail Strategy | Merchandise Mix | Zoning | Budgeting | Design / Architecture Advisory,Advisory,completed,26.4207,50.0888,city_geocoded,needs_review,CASE Portfolio GeoJSON · city-level geocode,city,False,CASE projects list.xlsx,2026-07-20,4.9.3
portfolio-009,9,Jabal Omar,Kingdom of Saudi Arabia,Makkah,Mixed-Use,mixed,Jabal Omar Development Co,Ateliers Lion,120000.0,50000.0,2017,Retail Strategy | Merchandise Mix | Zoning | Budgeting | RRR Strategy | Design / Architecture Advisory,Advisory,completed,21.41218,39.83636,city_geocoded,needs_review,CASE Portfolio GeoJSON · city-level geocode,city,False,CASE projects list.xlsx,2026-07-20,4.9.3
portfolio-010,10,KEC HUB,Kingdom of Saudi Arabia,Madinah,Regional Mall,mall,Knowledge Economic City Company,Chapman Taylor,180000.0,72000.0,2025,Merchandise Mix | Budgeting | Tenant Mix | Leasing,Advisory | Leasing & Sales,completed,24.45828,39.62459,city_geocoded,needs_review,CASE Portfolio GeoJSON · city-level geocode,city,False,CASE projects list.xlsx,2026-07-20,4.9.3
portfolio-011,11,Madinah Gate,Kingdom of Saudi Arabia,Madinah,Community / Neighborhood Mall,mall,Knowledge Economic City Company,DLR Group,60000.0,23000.0,2024,Merchandise Mix | Budgeting | Tenant Mix | Leasing,Advisory | Leasing & Sales,completed,24.47017,39.5945,city_geocoded,needs_review,CASE Portfolio GeoJSON · city-level geocode,city,False,CASE projects list.xlsx,2026-07-20,4.9.3
portfolio-012,12,Rua al Madinah,Kingdom of Saudi Arabia,Madinah,Masterplan Development,mixed,Rua Al Madinah Holding Company,Gensler,1500000.0,120000.0,2030,Market Research | Brand Sourcing,Advisory | Leasing & Sales,pipeline,24.48199,39.63338,city_geocoded,needs_review,CASE Portfolio GeoJSON · city-level geocode,city,False,CASE projects list.xlsx,2026-07-20,4.9.3
portfolio-013,13,Shorofat Park,Kingdom of Saudi Arabia,Al Khobar,Park / lifestyle,other,Assayel Arabia Real Estate,N/A,150000.0,25000.0,2023,Retail Strategy | Merchandise Mix | Zoning | Budgeting | Tenant Mix | Leasing | Design / Architecture Advisory,Advisory | Leasing & Sales,completed,26.26908,50.21885,city_geocoded,needs_review,CASE Portfolio GeoJSON · city-level geocode,city,False,CASE projects list.xlsx,2026-07-20,4.9.3
portfolio-014,14,Souq 7,Kingdom of Saudi Arabia,Jeddah,Lifestyle Centre,mall,AWJ Holdings,Architectural Centre,800000.0,340000.0,2017,Retail Strategy | Merchandise Mix | Zoning | Budgeting,Advisory,completed,21.4858,39.1925,city_geocoded,needs_review,CASE Portfolio GeoJSON · city-level geocode,city,False,CASE projects list.xlsx,2026-07-20,4.9.3
portfolio-015,15,Ezdan Mall Gharaffa,Qatar,Doha,Regional Mall,mall,Ezdan Holding Group,Boulos Group,125000.0,36000.0,2013,Retail Strategy | Merchandise Mix | Zoning | Budgeting | RRR Strategy | Design / Architecture Advisory,Advisory,completed,25.2854,51.531,city_geocoded,needs_review,CASE Portfolio GeoJSON · city-level geocode,city,False,CASE projects list.xlsx,2026-07-20,4.9.3
portfolio-016,16,Katara Cultural Village,Qatar,Doha,Lifestyle Centre,mall,Cultural Village Foundation,Cansult Maunsell,200000.0,119000.0,2010,Retail Strategy | Merchandise Mix | Zoning | Budgeting | RRR Strategy | Design / Architecture Advisory,Advisory,completed,25.27508,51.54146,city_geocoded,needs_review,CASE Portfolio GeoJSON · city-level geocode,city,False,CASE projects list.xlsx,2026-07-20,4.9.3
portfolio-017,17,Old Doha Port / Mina District,Qatar,Doha,Lifestyle Centre,mall,Cultural Village Foundation,"Erga Group, Dar Al-Handasah",800000.0,16200.0,2019,Retail Strategy | Merchandise Mix | Zoning | Budgeting | RRR Strategy | Design / Architecture Advisory,Advisory,completed,25.28697,51.51117,city_geocoded,needs_review,CASE Portfolio GeoJSON · city-level geocode,city,False,CASE projects list.xlsx,2026-07-20,4.9.3
portfolio-018,18,Box Park / Mina District,Qatar,Doha,Lifestyle Centre,mall,Cultural Village Foundation,"Erga Group, Dar Al-Handasah",18000.0,1300.0,2019,Retail Strategy | Merchandise Mix | Zoning | Budgeting | RRR Strategy | Design / Architecture Advisory,Advisory,completed,25.29879,51.55031,city_geocoded,needs_review,CASE Portfolio GeoJSON · city-level geocode,city,False,CASE projects list.xlsx,2026-07-20,4.9.3
portfolio-019,19,Qetaifan Lifestyle Centre,Qatar,Qetaifan Island / Lusail,Lifestyle Centre,mall,Qetaifan Projects Company,Atkins,15000.0,12200.0,2025,Merchandise Mix | Zoning,Advisory,completed,25.423,51.493,city_geocoded,needs_review,CASE Portfolio GeoJSON · city-level geocode,city,False,CASE projects list.xlsx,2026-07-20,4.9.3
portfolio-020,20,82 Mall / 82 Towers,Tajikistan,Dushanbe,Mixed-Use,mixed,SOM LLC,InterProject LLC,58000.0,36000.0,2026,Market Research | Concept Design | Retail Strategy | Merchandise Mix | Zoning | Financial Feasibility Analysis | Tenant Mix | Leasing | Design / Architecture Advisory | Management Advisory | Marketing Advisory,Advisory | Leasing & Sales | Property & Asset Management | Marketing,completed,38.5598,68.787,city_geocoded,needs_review,CASE Portfolio GeoJSON · city-level geocode,city,False,CASE projects list.xlsx,2026-07-20,4.9.3
portfolio-021,21,Afsona,Tajikistan,Dushanbe,Community / Neighborhood Mall,mall,N/A,InterProject LLC,22000.0,16000.0,2028,Concept Design | Retail Strategy | Merchandise Mix | Zoning | Design / Architecture Advisory,Advisory,pipeline,38.54948,68.79909,city_geocoded,needs_review,CASE Portfolio GeoJSON · city-level geocode,city,False,CASE projects list.xlsx,2026-07-20,4.9.3
portfolio-022,22,Airport Mall,Tajikistan,Dushanbe,Integrated / Neighbourhood Mall + Hotel,hotel,N/A,InterProject LLC,39000.0,23000.0,,Concept Design | Retail Strategy | Merchandise Mix | Zoning | Budgeting | Design / Architecture Advisory,Advisory,unknown,38.56137,68.76407,city_geocoded,needs_review,CASE Portfolio GeoJSON · city-level geocode,city,False,CASE projects list.xlsx,2026-07-20,4.9.3
portfolio-023,23,Central Mall,Tajikistan,Dushanbe,Regional Mall,mall,Sebiston Group LLC,Archikom LLC,44000.0,16700.0,2026,Market Research | Concept Design | Retail Strategy | Merchandise Mix | Zoning | Financial Feasibility Analysis | Tenant Mix | Leasing | Design / Architecture Advisory | Management Advisory | Marketing Advisory,Advisory | Leasing & Sales | Property & Asset Management | Marketing,completed,38.57319,68.80933,city_geocoded,needs_review,CASE Portfolio GeoJSON · city-level geocode,city,False,CASE projects list.xlsx,2026-07-20,4.9.3
portfolio-024,24,Deniz Restaurant @82 Mall,Tajikistan,Dushanbe,Restaurant,other,Doniyor Sadikov,Reventt LLC,1450.0,1450.0,2027,Concept Design | Zoning,Advisory,pipeline,38.5342,68.78121,city_geocoded,needs_review,CASE Portfolio GeoJSON · city-level geocode,city,False,CASE projects list.xlsx,2026-07-20,4.9.3
portfolio-025,25,Dushanbe International Airport,Tajikistan,Dushanbe,Airport,other,N/A,InterProject LLC,12000.0,12000.0,2027,Concept Design | Zoning | Design / Architecture Advisory,Advisory,pipeline,38.58511,68.7664,city_geocoded,needs_review,CASE Portfolio GeoJSON · city-level geocode,city,False,CASE projects list.xlsx,2026-07-20,4.9.3
portfolio-026,26,Dushanbe Towers,Tajikistan,Dushanbe,Mixed-Use,mixed,Binokori Shark LLC,Ark Sinon LLC,36000.0,27000.0,2029,Market Research | Concept Design | Retail Strategy | Merchandise Mix | Zoning | Design / Architecture Advisory | Marketing Advisory,Advisory | Marketing,pipeline,38.55097,68.82898,city_geocoded,needs_review,CASE Portfolio GeoJSON · city-level geocode,city,False,CASE projects list.xlsx,2026-07-20,4.9.3
portfolio-027,27,Eftalit,Tajikistan,Dushanbe,Business Centre,office,Savr LLC,"InterProject LLC, Yekalon",21000.0,15000.0,2026,Market Research | Concept Design | Retail Strategy | Merchandise Mix | Zoning | Financial Feasibility Analysis | Design / Architecture Advisory | Management Advisory,Advisory | Property & Asset Management,completed,38.54229,68.74388,city_geocoded,needs_review,CASE Portfolio GeoJSON · city-level geocode,city,False,CASE projects list.xlsx,2026-07-20,4.9.3
portfolio-028,28,Gissar Mall,Tajikistan,Gissar,Regional Mall,mall,Sebiston Group LLC,"InterProject LLC, Archikom LLC",33000.0,16800.0,2026,Market Research | Concept Design | Retail Strategy | Merchandise Mix | Zoning | Financial Feasibility Analysis | Tenant Mix | Leasing | Design / Architecture Advisory | Management Advisory | Marketing Advisory,Advisory | Leasing & Sales | Property & Asset Management | Marketing,completed,38.5231,68.5306,city_geocoded,needs_review,CASE Portfolio GeoJSON · city-level geocode,city,False,CASE projects list.xlsx,2026-07-20,4.9.3
portfolio-029,29,Grafik,Tajikistan,Dushanbe,Office / commercial building,office,Grafik LLC,Loyikhakash LLC,7500.0,4486.0,2026,Market Research | Concept Design | Retail Strategy | Merchandise Mix | Zoning | Design / Architecture Advisory | Marketing Advisory,Advisory | Marketing,completed,38.59925,68.80544,city_geocoded,needs_review,CASE Portfolio GeoJSON · city-level geocode,city,False,CASE projects list.xlsx,2026-07-20,4.9.3
portfolio-030,30,Intercontinental Opera Hotel & Commercial Tower,Tajikistan,Dushanbe,Mixed-use,mixed,Savr LLC,Benoy,32000.0,22000.0,2028,Market Research | Concept Design Review | Retail Strategy | Merchandise Mix | Zoning | Financial Feasibility Analysis | Design / Architecture Advisory,Advisory,pipeline,38.51728,68.80943,city_geocoded,needs_review,CASE Portfolio GeoJSON · city-level geocode,city,False,CASE projects list.xlsx,2026-07-20,4.9.3
portfolio-031,31,Iskandarkul Four Seasons Resort,Tajikistan,Ayni (Iskandarkul),Resort Hotel,hotel,Saidmurod Davlatov,Reventt LLC,35000.0,29900.0,2028,Market Research | Concept Design | Retail Strategy | Merchandise Mix | Zoning | Financial Feasibility Analysis | Design / Architecture Advisory | Management Advisory,Advisory | Property & Asset Management,pipeline,39.0776,68.3622,city_geocoded,needs_review,CASE Portfolio GeoJSON · city-level geocode,city,False,CASE projects list.xlsx,2026-07-20,4.9.3
portfolio-032,32,Iskandarkul Serenity Resort,Tajikistan,Ayni (Iskandarkul),Resort Hotel,hotel,Saidmurod Davlatov,Reventt LLC,24000.0,21000.0,2029,Market Research | Concept Design | Retail Strategy | Merchandise Mix | Zoning | Financial Feasibility Analysis | Design / Architecture Advisory | Management Advisory,Advisory | Property & Asset Management,pipeline,39.06728,68.37438,city_geocoded,needs_review,CASE Portfolio GeoJSON · city-level geocode,city,False,CASE projects list.xlsx,2026-07-20,4.9.3
portfolio-033,33,Navruzgoh,Tajikistan,Khujand,Park / event ground,other,Azizbek Rajabov,N/A,250000.0,80000.0,,Concept Design | Zoning | Design / Architecture Advisory,Advisory,unknown,40.2833,69.6222,city_geocoded,needs_review,CASE Portfolio GeoJSON · city-level geocode,city,False,CASE projects list.xlsx,2026-07-20,4.9.3
portfolio-034,34,Orien Centre,Tajikistan,Dushanbe,Community / Neighborhood Mall,mall,Orien Bank,Kamron,21000.0,3400.0,2025,Concept Design | Zoning | Design / Architecture Advisory,Advisory,completed,38.58099,68.72907,city_geocoded,needs_review,CASE Portfolio GeoJSON · city-level geocode,city,False,CASE projects list.xlsx,2026-07-20,4.9.3
portfolio-035,35,Outlet Village,Tajikistan,Dushanbe,Outlet village,mall,N/A,InterProject LLC,120000.0,56000.0,,Concept Design | Retail Strategy | Merchandise Mix | Zoning,Advisory,unknown,38.57596,68.85291,city_geocoded,needs_review,CASE Portfolio GeoJSON · city-level geocode,city,False,CASE projects list.xlsx,2026-07-20,4.9.3
portfolio-036,36,Scandinavia,Tajikistan,Dushanbe,Lifestyle Centre,mall,Sebiston Group LLC,Kokhi Memoron LLC,120000.0,52000.0,2029,Market Research | Concept Design | Retail Strategy | Merchandise Mix | Zoning | Design / Architecture Advisory | Management Advisory | Marketing Advisory,Advisory | Property & Asset Management | Marketing,pipeline,38.50962,68.74983,city_geocoded,needs_review,CASE Portfolio GeoJSON · city-level geocode,city,False,CASE projects list.xlsx,2026-07-20,4.9.3
portfolio-037,37,Sky Mall & Resedance,Tajikistan,Dushanbe,Community / Neighborhood Mall,mall,Shirkati Sokhitmoni Binokoron LLC,InterProject LLC,32000.0,9300.0,2027,Market Research | Concept Design | Retail Strategy | Merchandise Mix | Zoning | Design / Architecture Advisory | Interior Design | Management Advisory | Marketing Advisory,Advisory | Property & Asset Management | Marketing,pipeline,38.62035,68.76997,city_geocoded,needs_review,CASE Portfolio GeoJSON · city-level geocode,city,False,CASE projects list.xlsx,2026-07-20,4.9.3
portfolio-038,38,Al Ain Community Centre,UAE,Al Ain,Community / Neighborhood Mall,mall,Al Falaj Commercial Investment Company LLC,Urban Landscape UAE,6500.0,5400.0,2025,Retail Strategy | Merchandise Mix | Zoning | Budgeting | Tenant Mix | Leasing | Design / Architecture Advisory,Advisory | Leasing & Sales,completed,24.2075,55.7447,city_geocoded,needs_review,CASE Portfolio GeoJSON · city-level geocode,city,False,CASE projects list.xlsx,2026-07-20,4.9.3
portfolio-039,39,Fujairah Mall,UAE,Fujairah,Community / Neighborhood Mall,mall,Fujairah Mall,N/A,136000.0,35000.0,2015,Retail Strategy | Merchandise Mix | Zoning | Budgeting | Tenant Mix | Leasing | RRR Strategy,Advisory | Leasing & Sales,completed,25.1288,56.3265,city_geocoded,needs_review,CASE Portfolio GeoJSON · city-level geocode,city,False,CASE projects list.xlsx,2026-07-20,4.9.3
portfolio-040,40,Marinascape Mall,UAE,Dubai,Mixed-Use,mixed,Trident International Holdings,Archon Consultants,6000.0,3200.0,2008,Retail Strategy | Merchandise Mix | Zoning | Budgeting | Tenant Mix | Leasing | RRR Strategy,Advisory | Leasing & Sales,completed,25.2048,55.2708,city_geocoded,needs_review,CASE Portfolio GeoJSON · city-level geocode,city,False,CASE projects list.xlsx,2026-07-20,4.9.3
portfolio-041,41,Mirfa Bay,UAE,Mirfa (Abu Dhabi region),Lifestyle Centre,mall,Modon,N/A,110000.0,3300.0,2024,Retail Strategy | Merchandise Mix | Zoning | Budgeting | Tenant Mix | Leasing | RRR Strategy,Advisory | Leasing & Sales,completed,24.1136,53.4839,city_geocoded,needs_review,CASE Portfolio GeoJSON · city-level geocode,city,False,CASE projects list.xlsx,2026-07-20,4.9.3
portfolio-042,42,Nation Towers Mall,UAE,Abu Dhabi,Mixed-Use,mixed,International Capital Trading LLC,WZMH Architects,40000.0,19500.0,2013,Retail Strategy | Merchandise Mix | Zoning | Budgeting | Tenant Mix | Leasing | RRR Strategy,Advisory | Leasing & Sales,completed,24.4539,54.3773,city_geocoded,needs_review,CASE Portfolio GeoJSON · city-level geocode,city,False,CASE projects list.xlsx,2026-07-20,4.9.3
portfolio-043,43,Ribbon Mall,UAE,Dubai,Community / Neighborhood Mall,mall,Union Properties,N/A,610.0,610.0,2016,Tenant Mix | Leasing,Leasing & Sales,completed,25.19448,55.28125,city_geocoded,needs_review,CASE Portfolio GeoJSON · city-level geocode,city,False,CASE projects list.xlsx,2026-07-20,4.9.3
portfolio-044,44,Alpomish / Ecobozor / Atlas Mebel (Beruniy),Uzbekistan,Tashkent (Beruniy),Community / Neighborhood Mall,mall,AKFA Group (Atlas),Prime Tower LLC,75000.0,11200.0,2022,Market Research | Concept Design | Retail Strategy | Merchandise Mix | Zoning | Financial Feasibility Analysis | Tenant Mix | Leasing | Design / Architecture Advisory,Advisory | Leasing & Sales,completed,41.2995,69.2401,city_geocoded,needs_review,CASE Portfolio GeoJSON · city-level geocode,city,False,CASE projects list.xlsx,2026-07-20,4.9.3
portfolio-045,45,Anjir,Uzbekistan,"Kokdala, Kashkadarya region",Community / Neighborhood Mall,mall,Orzumurod Xushvaqtov,N/A,3500.0,3100.0,2026,Market Research | Concept Design | Retail Strategy | Merchandise Mix | Zoning | Design / Architecture Advisory | Marketing Advisory,Advisory | Marketing,completed,38.8667,65.8,city_geocoded,needs_review,CASE Portfolio GeoJSON · city-level geocode,city,False,CASE projects list.xlsx,2026-07-20,4.9.3
portfolio-046,46,Atlas Chilanzar,Uzbekistan,Tashkent,Community / Neighborhood Mall,mall,AKFA Group (Atlas),Prime Tower LLC,11500.0,9000.0,2018,Market Research | Concept Design | Retail Strategy | Merchandise Mix | Zoning | Financial Feasibility Analysis | Tenant Mix | Leasing | Design / Architecture Advisory | Management | Marketing,Advisory | Leasing & Sales | Property & Asset Management | Marketing,completed,41.2995,69.2401,city_geocoded,needs_review,CASE Portfolio GeoJSON · city-level geocode,city,False,CASE projects list.xlsx,2026-07-20,4.9.3
portfolio-047,47,Atlas Fergana,Uzbekistan,Fergana,Community / Neighborhood Mall,mall,AKFA Group (Atlas),Prime Tower LLC,7500.0,5500.0,2018,Market Research | Concept Design | Retail Strategy | Merchandise Mix | Zoning | Financial Feasibility Analysis | Tenant Mix | Leasing | Design / Architecture Advisory | Management | Marketing,Advisory | Leasing & Sales | Property & Asset Management | Marketing,completed,40.3842,71.7843,city_geocoded,needs_review,CASE Portfolio GeoJSON · city-level geocode,city,False,CASE projects list.xlsx,2026-07-20,4.9.3
portfolio-048,48,Atlas Karshi,Uzbekistan,Karshi,Community / Neighborhood Mall,mall,AKFA Group (Atlas),Prime Tower LLC,5800.0,3900.0,2018,Market Research | Concept Design | Retail Strategy | Merchandise Mix | Zoning | Financial Feasibility Analysis | Tenant Mix | Leasing | Design / Architecture Advisory | Management | Marketing,Advisory | Leasing & Sales | Property & Asset Management | Marketing,completed,38.8667,65.8,city_geocoded,needs_review,CASE Portfolio GeoJSON · city-level geocode,city,False,CASE projects list.xlsx,2026-07-20,4.9.3
portfolio-049,49,Atlas Samarkand,Uzbekistan,Samarkand,Community / Neighborhood Mall,mall,AKFA Group (Atlas),Prime Tower LLC,5000.0,3700.0,2018,Market Research | Concept Design | Retail Strategy | Merchandise Mix | Zoning | Financial Feasibility Analysis | Tenant Mix | Leasing | Design / Architecture Advisory | Management | Marketing,Advisory | Leasing & Sales | Property & Asset Management | Marketing,completed,39.627,66.975,city_geocoded,needs_review,CASE Portfolio GeoJSON · city-level geocode,city,False,CASE projects list.xlsx,2026-07-20,4.9.3
portfolio-050,50,Atlas Yunus Abad,Uzbekistan,Tashkent (Yunusabad),Community / Neighborhood Mall,mall,AKFA Group (Atlas),Prime Tower LLC,5500.0,4500.0,2018,Market Research | Concept Design | Retail Strategy | Merchandise Mix | Zoning | Financial Feasibility Analysis | Tenant Mix | Leasing | Design / Architecture Advisory | Management | Marketing,Advisory | Leasing & Sales | Property & Asset Management | Marketing,completed,41.2995,69.2401,city_geocoded,needs_review,CASE Portfolio GeoJSON · city-level geocode,city,False,CASE projects list.xlsx,2026-07-20,4.9.3
portfolio-051,51,Bostonliq Resort,Uzbekistan,Bostanliq (Tashkent region),Resort Hotel,hotel,UGAM RIVER RESORT LLC,Reventt LLC,13000.0,13000.0,2028,Market Research | Concept Design | Zoning | Design / Architecture Advisory | Brand Sourcing,Advisory | Leasing & Sales,pipeline,41.62,69.98,city_geocoded,needs_review,CASE Portfolio GeoJSON · city-level geocode,city,False,CASE projects list.xlsx,2026-07-20,4.9.3
portfolio-052,52,Carrefour Atlas Chilonzor,Uzbekistan,Tashkent,Hyper / Supermarket,mall,Majid Al Futtaim,Majid Al Futtaim,1200.0,1200.0,2020,Market Research | Retail Strategy | Zoning | Financial Feasibility Analysis | Design / Architecture Advisory | Project Management,Advisory,completed,41.28918,69.25269,city_geocoded,needs_review,CASE Portfolio GeoJSON · city-level geocode,city,False,CASE projects list.xlsx,2026-07-20,4.9.3
portfolio-053,53,Carrefour Atlas Yunusobod,Uzbekistan,Tashkent,Hyper / Supermarket,mall,Majid Al Futtaim,Majid Al Futtaim,850.0,850.0,2020,Market Research | Retail Strategy | Zoning | Financial Feasibility Analysis | Design / Architecture Advisory | Project Management,Advisory,completed,41.30107,69.21623,city_geocoded,needs_review,CASE Portfolio GeoJSON · city-level geocode,city,False,CASE projects list.xlsx,2026-07-20,4.9.3
portfolio-054,54,Carrefour Qoratosh,Uzbekistan,Tashkent,Hyper / Supermarket,mall,Majid Al Futtaim,Majid Al Futtaim,2500.0,2500.0,2020,Market Research | Retail Strategy | Zoning | Financial Feasibility Analysis | Design / Architecture Advisory | Project Management,Advisory,completed,41.31289,69.26334,city_geocoded,needs_review,CASE Portfolio GeoJSON · city-level geocode,city,False,CASE projects list.xlsx,2026-07-20,4.9.3
portfolio-055,55,Carrefour Hypermarket (Atlas Mebel),Uzbekistan,Tashkent,Hyper / Supermarket,mall,Majid Al Futtaim,Majid Al Futtaim,10000.0,10000.0,,Market Research | Retail Strategy | Zoning | Financial Feasibility Analysis | Design / Architecture Advisory | Project Management,Advisory,unknown,41.2739,69.23407,city_geocoded,needs_review,CASE Portfolio GeoJSON · city-level geocode,city,False,CASE projects list.xlsx,2026-07-20,4.9.3
portfolio-056,56,Chilonzor Mall,Uzbekistan,Tashkent,Community / Neighborhood Mall,mall,N/A,N/A,9500.0,7500.0,,Merchandise Mix | Tenant Mix | Zoning | Leasing | Design / Architecture Advisory,Advisory | Leasing & Sales,unknown,41.32481,69.21866,city_geocoded,needs_review,CASE Portfolio GeoJSON · city-level geocode,city,False,CASE projects list.xlsx,2026-07-20,4.9.3
portfolio-057,57,Index,Uzbekistan,Tashkent,Retail Hub,mall,AKFA Group (Atlas),Prime Tower LLC,710000.0,226700.0,2022,Retail Strategy | Design / Architecture Advisory | Zoning,Advisory,completed,41.29067,69.2838,city_geocoded,needs_review,CASE Portfolio GeoJSON · city-level geocode,city,False,CASE projects list.xlsx,2026-07-20,4.9.3
portfolio-058,58,"Logistika Markazi, Mirbozor",Uzbekistan,Samarkand region,Logistics Centre,warehouse,Narpay Holding LLC,Reventt LLC,32400.0,27500.0,2027,Market Research | Concept Design | Retail Strategy | Merchandise Mix | Zoning | Financial Feasibility Analysis | Design / Architecture Advisory | Management Advisory | Marketing Advisory,Advisory | Property & Asset Management | Marketing,pipeline,39.627,66.975,city_geocoded,needs_review,CASE Portfolio GeoJSON · city-level geocode,city,False,CASE projects list.xlsx,2026-07-20,4.9.3
portfolio-059,59,Magic City,Uzbekistan,Tashkent,Thematic Park,other,AKFA Group (Atlas),"Dome + Partners, Polin Waterparks, Sanderson, Prime Tower LLC",25000.0,19100.0,2021,Market Research | Concept Design | Retail Strategy | Merchandise Mix | Zoning | Financial Feasibility Analysis | Tenant Mix | Leasing | Design / Architecture Advisory | Management | Marketing,Advisory | Leasing & Sales | Property & Asset Management | Marketing,completed,41.28199,69.19522,city_geocoded,needs_review,CASE Portfolio GeoJSON · city-level geocode,city,False,CASE projects list.xlsx,2026-07-20,4.9.3
portfolio-060,60,Magnit Mall,Uzbekistan,Tashkent,Community / Neighborhood Mall,mall,N/A,N/A,6000.0,4000.0,2015,Market Research | Concept Design | Retail Strategy | Merchandise Mix | Zoning | Financial Feasibility Analysis | Design / Architecture Advisory,Advisory,completed,41.33895,69.25929,city_geocoded,needs_review,CASE Portfolio GeoJSON · city-level geocode,city,False,CASE projects list.xlsx,2026-07-20,4.9.3
portfolio-061,61,Margilon City Mall,Uzbekistan,Margilon,Regional Mall,mall,Steel & Protect LLC,Reventt LLC,49000.0,22000.0,2027,Concept Design | Zoning | Design / Architecture Advisory,Advisory,pipeline,40.4711,71.7247,city_geocoded,needs_review,CASE Portfolio GeoJSON · city-level geocode,city,False,CASE projects list.xlsx,2026-07-20,4.9.3
portfolio-062,62,MediaPark Buyuk Ipak Yuli,Uzbekistan,Tashkent,Community / Neighborhood Mall,mall,AKFA Group (Atlas),Prime Tower LLC,3800.0,2600.0,2017,Market Research | Concept Design | Retail Strategy | Merchandise Mix | Zoning | Financial Feasibility Analysis | Tenant Mix | Leasing | Design / Architecture Advisory | Management | Marketing,Advisory | Leasing & Sales | Property & Asset Management | Marketing,completed,41.25698,69.26345,city_geocoded,needs_review,CASE Portfolio GeoJSON · city-level geocode,city,False,CASE projects list.xlsx,2026-07-20,4.9.3
portfolio-063,63,MediaPark Karatash,Uzbekistan,Tashkent,Community / Neighborhood Mall,mall,AKFA Group (Atlas),Prime Tower LLC,13800.0,11500.0,2015,Market Research | Concept Design | Retail Strategy | Merchandise Mix | Zoning | Financial Feasibility Analysis | Tenant Mix | Leasing | Design / Architecture Advisory | Management | Marketing,Advisory | Leasing & Sales | Property & Asset Management | Marketing,completed,41.32069,69.1798,city_geocoded,needs_review,CASE Portfolio GeoJSON · city-level geocode,city,False,CASE projects list.xlsx,2026-07-20,4.9.3
portfolio-064,64,MediaPark Kokand,Uzbekistan,Kokand,Community / Neighborhood Mall,mall,AKFA Group (Atlas),Prime Tower LLC,1800.0,1740.0,2015,Market Research | Concept Design | Retail Strategy | Merchandise Mix | Zoning | Financial Feasibility Analysis | Tenant Mix | Leasing | Design / Architecture Advisory | Management | Marketing,Advisory | Leasing & Sales | Property & Asset Management | Marketing,completed,40.5286,70.9425,city_geocoded,needs_review,CASE Portfolio GeoJSON · city-level geocode,city,False,CASE projects list.xlsx,2026-07-20,4.9.3
portfolio-065,65,MediaPark Sergeli,Uzbekistan,Tashkent (Sergeli),Community / Neighborhood Mall,mall,AKFA Group (Atlas),Prime Tower LLC,5600.0,4272.0,2016,Market Research | Concept Design | Retail Strategy | Merchandise Mix | Zoning | Financial Feasibility Analysis | Tenant Mix | Leasing | Design / Architecture Advisory | Management | Marketing,Advisory | Leasing & Sales | Property & Asset Management | Marketing,completed,41.2995,69.2401,city_geocoded,needs_review,CASE Portfolio GeoJSON · city-level geocode,city,False,CASE projects list.xlsx,2026-07-20,4.9.3
portfolio-066,66,Mega Center Zarafshon,Uzbekistan,Zarafshan,Community / Neighborhood Mall,mall,Oila Group,Marjonabegim Jozibasi LLC,8000.0,6800.0,2022,Concept Design | Retail Strategy | Merchandise Mix | Zoning | Design / Architecture Advisory,Advisory,completed,41.5744,64.2036,city_geocoded,needs_review,CASE Portfolio GeoJSON · city-level geocode,city,False,CASE projects list.xlsx,2026-07-20,4.9.3
portfolio-067,67,Mirbozor,Uzbekistan,Samarkand region,Regional Bazaar,mall,Narpay Holding LLC,Reventt LLC,207000.0,98600.0,,Market Research | Concept Design | Retail Strategy | Merchandise Mix | Zoning | Financial Feasibility Analysis | Design / Architecture Advisory | Management Advisory | Marketing Advisory,Advisory | Property & Asset Management | Marketing,unknown,39.61668,66.98728,city_geocoded,needs_review,CASE Portfolio GeoJSON · city-level geocode,city,False,CASE projects list.xlsx,2026-07-20,4.9.3
portfolio-068,68,Navoi City Park,Uzbekistan,Navoi,Amusement park,other,Navoi Viloyat Hokimiyati,Shaxarsozlik LITI,300000.0,15000.0,2027,Concept Design | Retail Strategy | Merchandise Mix | Zoning | Design / Architecture Advisory,Advisory,pipeline,40.0844,65.3792,city_geocoded,needs_review,CASE Portfolio GeoJSON · city-level geocode,city,False,CASE projects list.xlsx,2026-07-20,4.9.3
portfolio-069,69,Navoi Mall,Uzbekistan,Navoi,Regional Mall,mall,Oila Group,Reventt LLC,56000.0,29900.0,2028,Market Research | Concept Design | Retail Strategy | Merchandise Mix | Zoning | Financial Feasibility Analysis | Tenant Mix | Leasing | Design / Architecture Advisory | Marketing Advisory | Management Advisory,Advisory | Leasing & Sales | Property & Asset Management | Marketing,pipeline,40.07408,65.39156,city_geocoded,needs_review,CASE Portfolio GeoJSON · city-level geocode,city,False,CASE projects list.xlsx,2026-07-20,4.9.3
portfolio-070,70,Nukus Panorama (Exo Bazar),Uzbekistan,Nukus,Community / Neighborhood Mall,mall,TRTS NUKUS ECO BAZAR LLC,Prime Tower LLC,25000.0,17300.0,2023,Market Research | Concept Design | Retail Strategy | Merchandise Mix | Zoning | Financial Feasibility Analysis | Design / Architecture Advisory,Advisory,completed,42.46,59.61,city_geocoded,needs_review,CASE Portfolio GeoJSON · city-level geocode,city,False,CASE projects list.xlsx,2026-07-20,4.9.3
portfolio-071,71,Olmazor City (retail),Uzbekistan,Tashkent,Street Retail,street,AKFA Group (Atlas),Prime Tower LLC,25000.0,20000.0,2021,Market Research | Concept Design | Retail Strategy | Merchandise Mix | Zoning | Design / Architecture Advisory,Advisory,completed,41.31566,69.3087,city_geocoded,needs_review,CASE Portfolio GeoJSON · city-level geocode,city,False,CASE projects list.xlsx,2026-07-20,4.9.3
portfolio-072,72,Oqtosh Avenue Hotel,Uzbekistan,Oqtosh (Tashkent region),Resort Hotel,hotel,Oqtosh Avenue LLC,"Reventt LLC, Safronova",10200.0,10200.0,2027,Concept Design | Zoning | Design / Architecture Advisory,Advisory,pipeline,41.3,69.8,city_geocoded,needs_review,CASE Portfolio GeoJSON · city-level geocode,city,False,CASE projects list.xlsx,2026-07-20,4.9.3
portfolio-073,73,Pixel Buyuk Ipak Yuli,Uzbekistan,Tashkent,Family entertainment centre,mall,AKFA Group (Atlas),Prime Tower LLC,100.0,100.0,2019,Market Research | Concept Design | Retail Strategy | Zoning | Financial Feasibility Analysis | Design / Architecture Advisory | Management | Marketing,Advisory | Property & Asset Management | Marketing,completed,41.24932,69.20142,city_geocoded,needs_review,CASE Portfolio GeoJSON · city-level geocode,city,False,CASE projects list.xlsx,2026-07-20,4.9.3
portfolio-074,74,Pixel Chilanzar,Uzbekistan,Tashkent,Family entertainment centre,mall,AKFA Group (Atlas),Prime Tower LLC,1500.0,1500.0,2018,Market Research | Concept Design | Retail Strategy | Zoning | Financial Feasibility Analysis | Design / Architecture Advisory | Management | Marketing,Advisory | Property & Asset Management | Marketing,completed,41.36005,69.22237,city_geocoded,needs_review,CASE Portfolio GeoJSON · city-level geocode,city,False,CASE projects list.xlsx,2026-07-20,4.9.3
portfolio-075,75,Pixel Fergana,Uzbekistan,Fergana,Family entertainment centre,mall,AKFA Group (Atlas),Prime Tower LLC,550.0,550.0,2019,Market Research | Concept Design | Retail Strategy | Zoning | Financial Feasibility Analysis | Design / Architecture Advisory | Management | Marketing,Advisory | Property & Asset Management | Marketing,completed,40.37388,71.79671,city_geocoded,needs_review,CASE Portfolio GeoJSON · city-level geocode,city,False,CASE projects list.xlsx,2026-07-20,4.9.3
portfolio-076,76,Pixel Karshi,Uzbekistan,Karshi,Family entertainment centre,mall,AKFA Group (Atlas),Prime Tower LLC,200.0,200.0,2019,Market Research | Concept Design | Retail Strategy | Zoning | Financial Feasibility Analysis | Design / Architecture Advisory | Management | Marketing,Advisory | Property & Asset Management | Marketing,completed,38.85638,65.81214,city_geocoded,needs_review,CASE Portfolio GeoJSON · city-level geocode,city,False,CASE projects list.xlsx,2026-07-20,4.9.3
portfolio-077,77,Pixel Samarkand,Uzbekistan,Samarkand,Family entertainment centre,mall,AKFA Group (Atlas),Prime Tower LLC,225.0,225.0,2019,Market Research | Concept Design | Retail Strategy | Zoning | Financial Feasibility Analysis | Design / Architecture Advisory | Management | Marketing,Advisory | Property & Asset Management | Marketing,completed,39.61668,66.98728,city_geocoded,needs_review,CASE Portfolio GeoJSON · city-level geocode,city,False,CASE projects list.xlsx,2026-07-20,4.9.3
portfolio-078,78,Pixel Yunus Abad,Uzbekistan,Tashkent (Yunusabad),Family entertainment centre,mall,AKFA Group (Atlas),Prime Tower LLC,300.0,300.0,2019,Market Research | Concept Design | Retail Strategy | Zoning | Financial Feasibility Analysis | Design / Architecture Advisory | Management | Marketing,Advisory | Property & Asset Management | Marketing,completed,41.28918,69.25269,city_geocoded,needs_review,CASE Portfolio GeoJSON · city-level geocode,city,False,CASE projects list.xlsx,2026-07-20,4.9.3
portfolio-079,79,Samarqand (Mixed-use),Uzbekistan,Samarkand,Mixed-Use,mixed,Sanjar Makhmudov,Ravoq LLC,14800.0,11500.0,,Market Research | Concept Design | Retail Strategy | Merchandise Mix | Zoning | Financial Feasibility Analysis | Design / Architecture Advisory | Management Advisory | Marketing Advisory,Advisory | Property & Asset Management | Marketing,unknown,39.62857,66.95172,city_geocoded,needs_review,CASE Portfolio GeoJSON · city-level geocode,city,False,CASE projects list.xlsx,2026-07-20,4.9.3
portfolio-080,80,Sapphire Terrace,Uzbekistan,Tashkent,Community / Neighborhood Mall,mall,Construction Technology,Surur Dizayn Servis,12000.0,10000.0,2026,Concept Design | Retail Strategy | Merchandise Mix | Zoning | Design / Architecture Advisory,Advisory,completed,41.26154,69.31192,city_geocoded,needs_review,CASE Portfolio GeoJSON · city-level geocode,city,False,CASE projects list.xlsx,2026-07-20,4.9.3
portfolio-081,81,Sohil boyi,Uzbekistan,Samarkand region,Lifestyle Centre,mall,Narpay Holding LLC,Reventt LLC,23000.0,18000.0,2027,Market Research | Concept Design | Retail Strategy | Merchandise Mix | Zoning | Financial Feasibility Analysis | Design / Architecture Advisory | Management Advisory | Marketing Advisory,Advisory | Property & Asset Management | Marketing,pipeline,39.62857,66.95172,city_geocoded,needs_review,CASE Portfolio GeoJSON · city-level geocode,city,False,CASE projects list.xlsx,2026-07-20,4.9.3
portfolio-082,82,Tashkent City Boulevard,Uzbekistan,Tashkent,Street Retail,street,AKFA Group,"Özgüven Mimarlık, Prime Tower LLC",35000.0,27000.0,2020,Market Research | Concept Design | Retail Strategy | Merchandise Mix | Zoning | Financial Feasibility Analysis | Tenant Mix | Leasing | Design / Architecture Advisory | Marketing,Advisory | Leasing & Sales | Marketing,completed,41.29051,69.14771,city_geocoded,needs_review,CASE Portfolio GeoJSON · city-level geocode,city,False,CASE projects list.xlsx,2026-07-20,4.9.3
portfolio-083,83,Tashkent City Gardens Residence (retail),Uzbekistan,Tashkent,Street Retail,street,AKFA Group,"Özgüven Mimarlık, Prime Tower LLC",10000.0,7500.0,2020,Market Research | Concept Design | Retail Strategy | Merchandise Mix | Zoning | Financial Feasibility Analysis | Tenant Mix | Leasing | Design / Architecture Advisory | Marketing,Advisory | Leasing & Sales | Marketing,completed,41.35608,69.30364,city_geocoded,needs_review,CASE Portfolio GeoJSON · city-level geocode,city,False,CASE projects list.xlsx,2026-07-20,4.9.3
portfolio-084,84,Tashkent City Park,Uzbekistan,Tashkent,Amusement park,other,AKFA Group,"Özgüven Mimarlık, Prime Tower LLC",140000.0,1380.0,2020,Market Research | Concept Design | Retail Strategy | Merchandise Mix | Zoning | Financial Feasibility Analysis | Tenant Mix | Leasing | Design / Architecture Advisory | Marketing | Management,Advisory | Leasing & Sales | Property & Asset Management | Marketing,completed,41.22157,69.24438,city_geocoded,needs_review,CASE Portfolio GeoJSON · city-level geocode,city,False,CASE projects list.xlsx,2026-07-20,4.9.3
portfolio-085,85,Uchquduq Mall,Uzbekistan,Uchquduq (Navoi region),Regional Mall,mall,Oila Group,N/A,7200.0,5400.0,,Market Research | Concept Design | Retail Strategy | Merchandise Mix | Zoning | Financial Feasibility Analysis | Tenant Mix | Leasing | Design / Architecture Advisory | Marketing Advisory | Management Advisory,Advisory | Leasing & Sales | Property & Asset Management | Marketing,unknown,42.1561,63.5586,city_geocoded,needs_review,CASE Portfolio GeoJSON · city-level geocode,city,False,CASE projects list.xlsx,2026-07-20,4.9.3
portfolio-086,86,Zarafshon (Kindergarten),Uzbekistan,Zarafshon,Community / Neighborhood Mall,mall,Elmurod Amonov,Reventt LLC,3000.0,2850.0,2026,Market Research | Concept Design | Retail Strategy | Merchandise Mix | Zoning | Financial Feasibility Analysis | Design / Architecture Advisory,Advisory,completed,41.56408,64.21624,city_geocoded,needs_review,CASE Portfolio GeoJSON · city-level geocode,city,False,CASE projects list.xlsx,2026-07-20,4.9.3
portfolio-087,87,Zenit,Uzbekistan,Tashkent,Street retail,street,N/A,Prime Tower LLC,15000.0,11500.0,,Market Research | Concept Design | Retail Strategy | Merchandise Mix | Zoning | Financial Feasibility Analysis | Design / Architecture Advisory | Marketing,Advisory | Marketing,unknown,41.35763,69.16305,city_geocoded,needs_review,CASE Portfolio GeoJSON · city-level geocode,city,False,CASE projects list.xlsx,2026-07-20,4.9.3
portfolio-088,88,Atlas Mebel,Uzbekistan,Tashkent,Family entertainment centre,mall,AKFA Group (Atlas),Prime Tower LLC,10000.0,8500.0,2017,Market Research | Concept Design | Retail Strategy | Merchandise Mix | Zoning | Financial Feasibility Analysis | Tenant Mix | Leasing | Design / Architecture Advisory | Management | Marketing,Advisory | Leasing & Sales | Property & Asset Management | Marketing,completed,41.29552,69.35444,city_geocoded,needs_review,CASE Portfolio GeoJSON · city-level geocode,city,False,CASE projects list.xlsx,2026-07-20,4.9.3
portfolio-089,89,Jartepa Bazaar,Uzbekistan,Samarkand region,Regional Bazaar,mall,N/A,Ravoq LLC,100000.0,31000.0,2026,Concept Design | Retail Strategy | Zoning | Design / Architecture Advisory,Advisory,completed,39.64039,66.99767,city_geocoded,needs_review,CASE Portfolio GeoJSON · city-level geocode,city,False,CASE projects list.xlsx,2026-07-20,4.9.3
portfolio-090,90,Creative Avenue,Uzbekistan,Tashkent,Creative Cluster,other,VELION CREATIVE LLC,Akitekt,21400.0,17600.0,2026,Market Research | Concept Design | Retail Strategy | Merchandise Mix | Zoning | Financial Feasibility Analysis | Tenant Mix | Leasing | Design / Architecture Advisory | Marketing Advisory | Management Advisory,Advisory | Leasing & Sales | Property & Asset Management | Marketing,completed,41.24184,69.1482,city_geocoded,needs_review,CASE Portfolio GeoJSON · city-level geocode,city,False,CASE projects list.xlsx,2026-07-20,4.9.3
portfolio-091,91,Buyuk Ipak Yuli BC,Uzbekistan,Tashkent,Business Centre,office,,,,,,Market Research | Concept Design | Retail Strategy | Merchandise Mix | Zoning | Financial Feasibility Analysis | Design / Architecture Advisory,Advisory,unknown,41.276934,69.218626,city_approximate,needs_review,CASE projects list.xlsx · inferred city,inferred_city,True,CASE projects list.xlsx,2026-07-20,4.9.3
portfolio-092,92,Sayram BC,Uzbekistan,Tashkent,Business Centre,office,,,,,,,Advisory,unknown,41.302301,69.227832,city_approximate,needs_review,CASE projects list.xlsx · inferred city,inferred_city,True,CASE projects list.xlsx,2026-07-20,4.9.3
portfolio-093,93,Samsung BC,Uzbekistan,Tashkent,Business Centre,office,,,,,,Market Research | Concept Design | Retail Strategy | Merchandise Mix | Zoning | Financial Feasibility Analysis | Design / Architecture Advisory,Advisory,unknown,41.314564,69.217462,city_approximate,needs_review,CASE projects list.xlsx · inferred city,inferred_city,True,CASE projects list.xlsx,2026-07-20,4.9.3
portfolio-094,94,Dushanbe Towers 2,Tajikistan,Dushanbe,Mixed-Use,mixed,,,,,,Market Research | Concept Design | Retail Strategy | Merchandise Mix | Zoning | Financial Feasibility Analysis | Design / Architecture Advisory,Advisory,unknown,38.526014,68.783231,city_approximate,needs_review,CASE projects list.xlsx · inferred city,inferred_city,True,CASE projects list.xlsx,2026-07-20,4.9.3
portfolio-095,95,Margilon City Mall 2,Uzbekistan,Margilon,Regional Mall,mall,Burch LLC,Reventt LLC,,,,Market Research | Concept Design | Retail Strategy | Merchandise Mix | Zoning | Financial Feasibility Analysis | Design / Architecture Advisory,Advisory,unknown,40.46078,71.73713,city_geocoded,needs_review,CASE Portfolio GeoJSON · city-level geocode,city,False,CASE projects list.xlsx,2026-07-20,4.9.3
