district_name_uz_latin,indicator,value,unit,reference_date,source_name,source_url,confidence,last_verified_date,notes
Olmazor,population_total,409.9,thousand persons (doimiy aholi / permanent registered),2024-10-01,"Toshstat, Demografiya Jan-Sep 2025 (comparator column)",https://toshstat.uz/2025/Demografya/Demografiya.pdf,A,2026-09-18,NULL
Yunusobod,population_total,383.4,thousand persons (doimiy aholi / permanent registered),2024-10-01,"Toshstat, Demografiya Jan-Sep 2025 (comparator column)",https://toshstat.uz/2025/Demografya/Demografiya.pdf,A,2026-09-18,NULL
Shayxontohur,population_total,368.5,thousand persons (doimiy aholi / permanent registered),2024-10-01,"Toshstat, Demografiya Jan-Sep 2025 (comparator column)",https://toshstat.uz/2025/Demografya/Demografiya.pdf,A,2026-09-18,NULL
Mirzo Ulug'bek,population_total,335.6,thousand persons (doimiy aholi / permanent registered),2024-10-01,"Toshstat, Demografiya Jan-Sep 2025 (comparator column)",https://toshstat.uz/2025/Demografya/Demografiya.pdf,A,2026-09-18,NULL
Yashnobod,population_total,307.7,thousand persons (doimiy aholi / permanent registered),2024-10-01,"Toshstat, Demografiya Jan-Sep 2025 (comparator column)",https://toshstat.uz/2025/Demografya/Demografiya.pdf,A,2026-09-18,NULL
Uchtepa,population_total,301.4,thousand persons (doimiy aholi / permanent registered),2024-10-01,"Toshstat, Demografiya Jan-Sep 2025 (comparator column)",https://toshstat.uz/2025/Demografya/Demografiya.pdf,A,2026-09-18,NULL
Chilonzor,population_total,276.4,thousand persons (doimiy aholi / permanent registered),2024-10-01,"Toshstat, Demografiya Jan-Sep 2025 (comparator column)",https://toshstat.uz/2025/Demografya/Demografiya.pdf,A,2026-09-18,NULL
Yangihayot,population_total,184.3,thousand persons (doimiy aholi / permanent registered),2024-10-01,"Toshstat, Demografiya Jan-Sep 2025 (comparator column)",https://toshstat.uz/2025/Demografya/Demografiya.pdf,A,2026-09-18,NULL
Sergeli,population_total,172.0,thousand persons (doimiy aholi / permanent registered),2024-10-01,"Toshstat, Demografiya Jan-Sep 2025 (comparator column)",https://toshstat.uz/2025/Demografya/Demografiya.pdf,A,2026-09-18,NULL
Mirobod,population_total,153.8,thousand persons (doimiy aholi / permanent registered),2024-10-01,"Toshstat, Demografiya Jan-Sep 2025 (comparator column)",https://toshstat.uz/2025/Demografya/Demografiya.pdf,A,2026-09-18,NULL
Yakkasaroy,population_total,138.1,thousand persons (doimiy aholi / permanent registered),2024-10-01,"Toshstat, Demografiya Jan-Sep 2025 (comparator column)",https://toshstat.uz/2025/Demografya/Demografiya.pdf,A,2026-09-18,NULL
Bektemir,population_total,64.4,thousand persons (doimiy aholi / permanent registered),2024-10-01,"Toshstat, Demografiya Jan-Sep 2025 (comparator column)",https://toshstat.uz/2025/Demografya/Demografiya.pdf,A,2026-09-18,NULL
Olmazor,population_total,412.0,thousand persons (doimiy aholi / permanent registered),2025-01-01,"Toshstat, Demografiya Jan-Dec 2024",https://toshstat.uz/2024/demografiya/demog123.pdf,A,2026-09-18,NULL
Yunusobod,population_total,385.2,thousand persons (doimiy aholi / permanent registered),2025-01-01,"Toshstat, Demografiya Jan-Dec 2024",https://toshstat.uz/2024/demografiya/demog123.pdf,A,2026-09-18,NULL
Shayxontohur,population_total,369.6,thousand persons (doimiy aholi / permanent registered),2025-01-01,"Toshstat, Demografiya Jan-Dec 2024",https://toshstat.uz/2024/demografiya/demog123.pdf,A,2026-09-18,NULL
Mirzo Ulug'bek,population_total,337.1,thousand persons (doimiy aholi / permanent registered),2025-01-01,"Toshstat, Demografiya Jan-Dec 2024",https://toshstat.uz/2024/demografiya/demog123.pdf,A,2026-09-18,NULL
Yashnobod,population_total,309.7,thousand persons (doimiy aholi / permanent registered),2025-01-01,"Toshstat, Demografiya Jan-Dec 2024",https://toshstat.uz/2024/demografiya/demog123.pdf,A,2026-09-18,NULL
Uchtepa,population_total,301.7,thousand persons (doimiy aholi / permanent registered),2025-01-01,"Toshstat, Demografiya Jan-Dec 2024",https://toshstat.uz/2024/demografiya/demog123.pdf,A,2026-09-18,NULL
Chilonzor,population_total,276.7,thousand persons (doimiy aholi / permanent registered),2025-01-01,"Toshstat, Demografiya Jan-Dec 2024",https://toshstat.uz/2024/demografiya/demog123.pdf,A,2026-09-18,NULL
Yangihayot,population_total,188.2,thousand persons (doimiy aholi / permanent registered),2025-01-01,"Toshstat, Demografiya Jan-Dec 2024",https://toshstat.uz/2024/demografiya/demog123.pdf,A,2026-09-18,NULL
Sergeli,population_total,173.2,thousand persons (doimiy aholi / permanent registered),2025-01-01,"Toshstat, Demografiya Jan-Dec 2024",https://toshstat.uz/2024/demografiya/demog123.pdf,A,2026-09-18,NULL
Mirobod,population_total,154.2,thousand persons (doimiy aholi / permanent registered),2025-01-01,"Toshstat, Demografiya Jan-Dec 2024",https://toshstat.uz/2024/demografiya/demog123.pdf,A,2026-09-18,NULL
Yakkasaroy,population_total,139.7,thousand persons (doimiy aholi / permanent registered),2025-01-01,"Toshstat, Demografiya Jan-Dec 2024",https://toshstat.uz/2024/demografiya/demog123.pdf,A,2026-09-18,NULL
Bektemir,population_total,65.5,thousand persons (doimiy aholi / permanent registered),2025-01-01,"Toshstat, Demografiya Jan-Dec 2024",https://toshstat.uz/2024/demografiya/demog123.pdf,A,2026-09-18,NULL
Olmazor,population_total,413.3,thousand persons (doimiy aholi / permanent registered),2025-04-01,"Toshstat, Demografiya Jan-Mar 2025 (pub 27.04.2025)",https://toshstat.uz/2025/Demografya/demografya.pdf,A,2026-09-18,NULL
Yunusobod,population_total,387.1,thousand persons (doimiy aholi / permanent registered),2025-04-01,"Toshstat, Demografiya Jan-Mar 2025 (pub 27.04.2025)",https://toshstat.uz/2025/Demografya/demografya.pdf,A,2026-09-18,NULL
Shayxontohur,population_total,370.7,thousand persons (doimiy aholi / permanent registered),2025-04-01,"Toshstat, Demografiya Jan-Mar 2025 (pub 27.04.2025)",https://toshstat.uz/2025/Demografya/demografya.pdf,A,2026-09-18,NULL
Mirzo Ulug'bek,population_total,338.2,thousand persons (doimiy aholi / permanent registered),2025-04-01,"Toshstat, Demografiya Jan-Mar 2025 (pub 27.04.2025)",https://toshstat.uz/2025/Demografya/demografya.pdf,A,2026-09-18,NULL
Yashnobod,population_total,311.8,thousand persons (doimiy aholi / permanent registered),2025-04-01,"Toshstat, Demografiya Jan-Mar 2025 (pub 27.04.2025)",https://toshstat.uz/2025/Demografya/demografya.pdf,A,2026-09-18,NULL
Uchtepa,population_total,301.9,thousand persons (doimiy aholi / permanent registered),2025-04-01,"Toshstat, Demografiya Jan-Mar 2025 (pub 27.04.2025)",https://toshstat.uz/2025/Demografya/demografya.pdf,A,2026-09-18,NULL
Chilonzor,population_total,276.8,thousand persons (doimiy aholi / permanent registered),2025-04-01,"Toshstat, Demografiya Jan-Mar 2025 (pub 27.04.2025)",https://toshstat.uz/2025/Demografya/demografya.pdf,A,2026-09-18,NULL
Yangihayot,population_total,191.9,thousand persons (doimiy aholi / permanent registered),2025-04-01,"Toshstat, Demografiya Jan-Mar 2025 (pub 27.04.2025)",https://toshstat.uz/2025/Demografya/demografya.pdf,A,2026-09-18,NULL
Sergeli,population_total,174.6,thousand persons (doimiy aholi / permanent registered),2025-04-01,"Toshstat, Demografiya Jan-Mar 2025 (pub 27.04.2025)",https://toshstat.uz/2025/Demografya/demografya.pdf,A,2026-09-18,NULL
Mirobod,population_total,154.7,thousand persons (doimiy aholi / permanent registered),2025-04-01,"Toshstat, Demografiya Jan-Mar 2025 (pub 27.04.2025)",https://toshstat.uz/2025/Demografya/demografya.pdf,A,2026-09-18,NULL
Yakkasaroy,population_total,140.8,thousand persons (doimiy aholi / permanent registered),2025-04-01,"Toshstat, Demografiya Jan-Mar 2025 (pub 27.04.2025)",https://toshstat.uz/2025/Demografya/demografya.pdf,A,2026-09-18,NULL
Bektemir,population_total,66.6,thousand persons (doimiy aholi / permanent registered),2025-04-01,"Toshstat, Demografiya Jan-Mar 2025 (pub 27.04.2025)",https://toshstat.uz/2025/Demografya/demografya.pdf,A,2026-09-18,NULL
Olmazor,population_total,414.8,thousand persons (doimiy aholi / permanent registered),2025-07-01,"Toshstat, Demografiya Jan-Jun 2026 (comparator column)",https://toshstat.uz/2026/demografiya/demografiya1.pdf,A,2026-09-18,NULL
Yunusobod,population_total,389.3,thousand persons (doimiy aholi / permanent registered),2025-07-01,"Toshstat, Demografiya Jan-Jun 2026 (comparator column)",https://toshstat.uz/2026/demografiya/demografiya1.pdf,A,2026-09-18,NULL
Shayxontohur,population_total,371.6,thousand persons (doimiy aholi / permanent registered),2025-07-01,"Toshstat, Demografiya Jan-Jun 2026 (comparator column)",https://toshstat.uz/2026/demografiya/demografiya1.pdf,A,2026-09-18,NULL
Mirzo Ulug'bek,population_total,339.3,thousand persons (doimiy aholi / permanent registered),2025-07-01,"Toshstat, Demografiya Jan-Jun 2026 (comparator column)",https://toshstat.uz/2026/demografiya/demografiya1.pdf,A,2026-09-18,NULL
Yashnobod,population_total,313.8,thousand persons (doimiy aholi / permanent registered),2025-07-01,"Toshstat, Demografiya Jan-Jun 2026 (comparator column)",https://toshstat.uz/2026/demografiya/demografiya1.pdf,A,2026-09-18,NULL
Uchtepa,population_total,302.6,thousand persons (doimiy aholi / permanent registered),2025-07-01,"Toshstat, Demografiya Jan-Jun 2026 (comparator column)",https://toshstat.uz/2026/demografiya/demografiya1.pdf,A,2026-09-18,NULL
Chilonzor,population_total,276.7,thousand persons (doimiy aholi / permanent registered),2025-07-01,"Toshstat, Demografiya Jan-Jun 2026 (comparator column)",https://toshstat.uz/2026/demografiya/demografiya1.pdf,A,2026-09-18,NULL
Yangihayot,population_total,194.8,thousand persons (doimiy aholi / permanent registered),2025-07-01,"Toshstat, Demografiya Jan-Jun 2026 (comparator column)",https://toshstat.uz/2026/demografiya/demografiya1.pdf,A,2026-09-18,NULL
Sergeli,population_total,176.0,thousand persons (doimiy aholi / permanent registered),2025-07-01,"Toshstat, Demografiya Jan-Jun 2026 (comparator column)",https://toshstat.uz/2026/demografiya/demografiya1.pdf,A,2026-09-18,NULL
Mirobod,population_total,155.4,thousand persons (doimiy aholi / permanent registered),2025-07-01,"Toshstat, Demografiya Jan-Jun 2026 (comparator column)",https://toshstat.uz/2026/demografiya/demografiya1.pdf,A,2026-09-18,NULL
Yakkasaroy,population_total,142.4,thousand persons (doimiy aholi / permanent registered),2025-07-01,"Toshstat, Demografiya Jan-Jun 2026 (comparator column)",https://toshstat.uz/2026/demografiya/demografiya1.pdf,A,2026-09-18,NULL
Bektemir,population_total,68.5,thousand persons (doimiy aholi / permanent registered),2025-07-01,"Toshstat, Demografiya Jan-Jun 2026 (comparator column)",https://toshstat.uz/2026/demografiya/demografiya1.pdf,A,2026-09-18,NULL
Olmazor,population_total,416.8,thousand persons (doimiy aholi / permanent registered),2025-10-01,"Toshstat, Demografiya Jan-Sep 2025 (pub 27.10.2025)",https://toshstat.uz/2025/Demografya/Demografiya.pdf,A,2026-09-18,NULL
Yunusobod,population_total,391.1,thousand persons (doimiy aholi / permanent registered),2025-10-01,"Toshstat, Demografiya Jan-Sep 2025 (pub 27.10.2025)",https://toshstat.uz/2025/Demografya/Demografiya.pdf,A,2026-09-18,NULL
Shayxontohur,population_total,372.7,thousand persons (doimiy aholi / permanent registered),2025-10-01,"Toshstat, Demografiya Jan-Sep 2025 (pub 27.10.2025)",https://toshstat.uz/2025/Demografya/Demografiya.pdf,A,2026-09-18,NULL
Mirzo Ulug'bek,population_total,340.9,thousand persons (doimiy aholi / permanent registered),2025-10-01,"Toshstat, Demografiya Jan-Sep 2025 (pub 27.10.2025)",https://toshstat.uz/2025/Demografya/Demografiya.pdf,A,2026-09-18,NULL
Yashnobod,population_total,315.8,thousand persons (doimiy aholi / permanent registered),2025-10-01,"Toshstat, Demografiya Jan-Sep 2025 (pub 27.10.2025)",https://toshstat.uz/2025/Demografya/Demografiya.pdf,A,2026-09-18,NULL
Uchtepa,population_total,303.3,thousand persons (doimiy aholi / permanent registered),2025-10-01,"Toshstat, Demografiya Jan-Sep 2025 (pub 27.10.2025)",https://toshstat.uz/2025/Demografya/Demografiya.pdf,A,2026-09-18,NULL
Chilonzor,population_total,277.0,thousand persons (doimiy aholi / permanent registered),2025-10-01,"Toshstat, Demografiya Jan-Sep 2025 (pub 27.10.2025)",https://toshstat.uz/2025/Demografya/Demografiya.pdf,A,2026-09-18,NULL
Yangihayot,population_total,198.4,thousand persons (doimiy aholi / permanent registered),2025-10-01,"Toshstat, Demografiya Jan-Sep 2025 (pub 27.10.2025)",https://toshstat.uz/2025/Demografya/Demografiya.pdf,A,2026-09-18,NULL
Sergeli,population_total,177.7,thousand persons (doimiy aholi / permanent registered),2025-10-01,"Toshstat, Demografiya Jan-Sep 2025 (pub 27.10.2025)",https://toshstat.uz/2025/Demografya/Demografiya.pdf,A,2026-09-18,NULL
Mirobod,population_total,156.1,thousand persons (doimiy aholi / permanent registered),2025-10-01,"Toshstat, Demografiya Jan-Sep 2025 (pub 27.10.2025)",https://toshstat.uz/2025/Demografya/Demografiya.pdf,A,2026-09-18,NULL
Yakkasaroy,population_total,143.8,thousand persons (doimiy aholi / permanent registered),2025-10-01,"Toshstat, Demografiya Jan-Sep 2025 (pub 27.10.2025)",https://toshstat.uz/2025/Demografya/Demografiya.pdf,A,2026-09-18,NULL
Bektemir,population_total,70.4,thousand persons (doimiy aholi / permanent registered),2025-10-01,"Toshstat, Demografiya Jan-Sep 2025 (pub 27.10.2025)",https://toshstat.uz/2025/Demografya/Demografiya.pdf,A,2026-09-18,NULL
Olmazor,population_total,421.3,thousand persons (doimiy aholi / permanent registered),2026-07-01,"Toshstat, Demografiya Jan-Jun 2026 (pub 27.07.2026)",https://toshstat.uz/2026/demografiya/demografiya1.pdf,A,2026-09-18,NULL
Yunusobod,population_total,396.8,thousand persons (doimiy aholi / permanent registered),2026-07-01,"Toshstat, Demografiya Jan-Jun 2026 (pub 27.07.2026)",https://toshstat.uz/2026/demografiya/demografiya1.pdf,A,2026-09-18,NULL
Shayxontohur,population_total,375.0,thousand persons (doimiy aholi / permanent registered),2026-07-01,"Toshstat, Demografiya Jan-Jun 2026 (pub 27.07.2026)",https://toshstat.uz/2026/demografiya/demografiya1.pdf,A,2026-09-18,NULL
Mirzo Ulug'bek,population_total,345.3,thousand persons (doimiy aholi / permanent registered),2026-07-01,"Toshstat, Demografiya Jan-Jun 2026 (pub 27.07.2026)",https://toshstat.uz/2026/demografiya/demografiya1.pdf,A,2026-09-18,NULL
Yashnobod,population_total,322.3,thousand persons (doimiy aholi / permanent registered),2026-07-01,"Toshstat, Demografiya Jan-Jun 2026 (pub 27.07.2026)",https://toshstat.uz/2026/demografiya/demografiya1.pdf,A,2026-09-18,NULL
Uchtepa,population_total,308.1,thousand persons (doimiy aholi / permanent registered),2026-07-01,"Toshstat, Demografiya Jan-Jun 2026 (pub 27.07.2026)",https://toshstat.uz/2026/demografiya/demografiya1.pdf,A,2026-09-18,NULL
Chilonzor,population_total,277.6,thousand persons (doimiy aholi / permanent registered),2026-07-01,"Toshstat, Demografiya Jan-Jun 2026 (pub 27.07.2026)",https://toshstat.uz/2026/demografiya/demografiya1.pdf,A,2026-09-18,NULL
Yangihayot,population_total,205.2,thousand persons (doimiy aholi / permanent registered),2026-07-01,"Toshstat, Demografiya Jan-Jun 2026 (pub 27.07.2026)",https://toshstat.uz/2026/demografiya/demografiya1.pdf,A,2026-09-18,NULL
Sergeli,population_total,182.5,thousand persons (doimiy aholi / permanent registered),2026-07-01,"Toshstat, Demografiya Jan-Jun 2026 (pub 27.07.2026)",https://toshstat.uz/2026/demografiya/demografiya1.pdf,A,2026-09-18,NULL
Mirobod,population_total,157.5,thousand persons (doimiy aholi / permanent registered),2026-07-01,"Toshstat, Demografiya Jan-Jun 2026 (pub 27.07.2026)",https://toshstat.uz/2026/demografiya/demografiya1.pdf,A,2026-09-18,NULL
Yakkasaroy,population_total,147.0,thousand persons (doimiy aholi / permanent registered),2026-07-01,"Toshstat, Demografiya Jan-Jun 2026 (pub 27.07.2026)",https://toshstat.uz/2026/demografiya/demografiya1.pdf,A,2026-09-18,NULL
Bektemir,population_total,73.6,thousand persons (doimiy aholi / permanent registered),2026-07-01,"Toshstat, Demografiya Jan-Jun 2026 (pub 27.07.2026)",https://toshstat.uz/2026/demografiya/demografiya1.pdf,A,2026-09-18,NULL
Olmazor,population_total,390000,persons (doimiy aholi),2022-07-01,Kun.uz citing Tashkent City Statistics Dept (pub 06.08.2022),https://kun.uz/ru/51739590,C,2026-09-18,NULL
Yunusobod,population_total,363000,persons (doimiy aholi),2022-07-01,Kun.uz citing Tashkent City Statistics Dept (pub 06.08.2022),https://kun.uz/ru/51739590,C,2026-09-18,NULL
Shayxontohur,population_total,357400,persons (doimiy aholi),2022-07-01,Kun.uz citing Tashkent City Statistics Dept (pub 06.08.2022),https://kun.uz/ru/51739590,C,2026-09-18,NULL
Mirzo Ulug'bek,population_total,318000,persons (doimiy aholi),2022-07-01,Kun.uz citing Tashkent City Statistics Dept (pub 06.08.2022),https://kun.uz/ru/51739590,C,2026-09-18,NULL
Uchtepa,population_total,289600,persons (doimiy aholi),2022-07-01,Kun.uz citing Tashkent City Statistics Dept (pub 06.08.2022),https://kun.uz/ru/51739590,C,2026-09-18,NULL
Yashnobod,population_total,283300,persons (doimiy aholi),2022-07-01,Kun.uz citing Tashkent City Statistics Dept (pub 06.08.2022),https://kun.uz/ru/51739590,C,2026-09-18,NULL
Chilonzor,population_total,269500,persons (doimiy aholi),2022-07-01,Kun.uz citing Tashkent City Statistics Dept (pub 06.08.2022),https://kun.uz/ru/51739590,C,2026-09-18,NULL
Yangihayot,population_total,156700,persons (doimiy aholi),2022-07-01,Kun.uz citing Tashkent City Statistics Dept (pub 06.08.2022),https://kun.uz/ru/51739590,C,2026-09-18,NULL
Sergeli,population_total,154100,persons (doimiy aholi),2022-07-01,Kun.uz citing Tashkent City Statistics Dept (pub 06.08.2022),https://kun.uz/ru/51739590,C,2026-09-18,NULL
Mirobod,population_total,147800,persons (doimiy aholi),2022-07-01,Kun.uz citing Tashkent City Statistics Dept (pub 06.08.2022),https://kun.uz/ru/51739590,C,2026-09-18,NULL
Yakkasaroy,population_total,125500,persons (doimiy aholi),2022-07-01,Kun.uz citing Tashkent City Statistics Dept (pub 06.08.2022),https://kun.uz/ru/51739590,C,2026-09-18,NULL
Bektemir,population_total,54000,persons (doimiy aholi),2022-07-01,Kun.uz citing Tashkent City Statistics Dept (pub 06.08.2022),https://kun.uz/ru/51739590,C,2026-09-18,NULL
Olmazor,population_total,416838,"persons (doimiy aholi, exact)",2025-10-01,"Milliy statistika qo'mitasi, Top-10 districts (pub 05.11.2025)",https://stat.uz/uz/matbuot-markazi/qo-mita-yangiliklar/64974-a-olisi-soni-eng-k-p-b-lgan-top-10-tuman-va-sha-arlar-2,A,2026-09-18,Exact unit-level figure; agrees with the Toshstat rounded value
Yunusobod,population_total,391075,"persons (doimiy aholi, exact)",2025-10-01,"Milliy statistika qo'mitasi, Top-10 districts (pub 05.11.2025)",https://stat.uz/uz/matbuot-markazi/qo-mita-yangiliklar/64974-a-olisi-soni-eng-k-p-b-lgan-top-10-tuman-va-sha-arlar-2,A,2026-09-18,Exact unit-level figure; agrees with the Toshstat rounded value
Shayxontohur,population_total,372674,"persons (doimiy aholi, exact)",2025-10-01,"Milliy statistika qo'mitasi, Top-10 districts (pub 05.11.2025)",https://stat.uz/uz/matbuot-markazi/qo-mita-yangiliklar/64974-a-olisi-soni-eng-k-p-b-lgan-top-10-tuman-va-sha-arlar-2,A,2026-09-18,Exact unit-level figure; agrees with the Toshstat rounded value
Olmazor,population_total,419600,persons (doimiy aholi),2026-04-01,NSC via Yuz.uz (pub 19.06.2026),https://yuz.uz/ru/news/naselenie-uzbekistana-prevsilo-384-mln-chelovek-nazvan-same-gustonaselenne-rayon-i-goroda,C,2026-09-18,NULL
Yunusobod,population_total,395000,persons (doimiy aholi),2026-04-01,NSC via Yuz.uz (pub 19.06.2026),https://yuz.uz/ru/news/naselenie-uzbekistana-prevsilo-384-mln-chelovek-nazvan-same-gustonaselenne-rayon-i-goroda,C,2026-09-18,NULL
Shayxontohur,population_total,374600,persons (doimiy aholi),2026-04-01,NSC via Yuz.uz (pub 19.06.2026),https://yuz.uz/ru/news/naselenie-uzbekistana-prevsilo-384-mln-chelovek-nazvan-same-gustonaselenne-rayon-i-goroda,C,2026-09-18,NULL
Bektemir,migration_in,2621,persons,2026-01-01/2026-06-30,"Toshstat, Demografiya Jan-Jun 2026",https://toshstat.uz/2026/demografiya/demografiya1.pdf,A,2026-09-18,"Period total, not a stock"
Bektemir,migration_out,1242,persons,2026-01-01/2026-06-30,"Toshstat, Demografiya Jan-Jun 2026",https://toshstat.uz/2026/demografiya/demografiya1.pdf,A,2026-09-18,"Period total, not a stock"
Bektemir,net_migration,1379,persons,2026-01-01/2026-06-30,DERIVED: migration_in minus migration_out,https://toshstat.uz/2026/demografiya/demografiya1.pdf,D,2026-09-18,Derived by subtraction from two published figures
Chilonzor,migration_in,4944,persons,2026-01-01/2026-06-30,"Toshstat, Demografiya Jan-Jun 2026",https://toshstat.uz/2026/demografiya/demografiya1.pdf,A,2026-09-18,"Period total, not a stock"
Chilonzor,migration_out,6026,persons,2026-01-01/2026-06-30,"Toshstat, Demografiya Jan-Jun 2026",https://toshstat.uz/2026/demografiya/demografiya1.pdf,A,2026-09-18,"Period total, not a stock"
Chilonzor,net_migration,-1082,persons,2026-01-01/2026-06-30,DERIVED: migration_in minus migration_out,https://toshstat.uz/2026/demografiya/demografiya1.pdf,D,2026-09-18,Derived by subtraction from two published figures
Mirobod,migration_in,3091,persons,2026-01-01/2026-06-30,"Toshstat, Demografiya Jan-Jun 2026",https://toshstat.uz/2026/demografiya/demografiya1.pdf,A,2026-09-18,"Period total, not a stock"
Mirobod,migration_out,2643,persons,2026-01-01/2026-06-30,"Toshstat, Demografiya Jan-Jun 2026",https://toshstat.uz/2026/demografiya/demografiya1.pdf,A,2026-09-18,"Period total, not a stock"
Mirobod,net_migration,448,persons,2026-01-01/2026-06-30,DERIVED: migration_in minus migration_out,https://toshstat.uz/2026/demografiya/demografiya1.pdf,D,2026-09-18,Derived by subtraction from two published figures
Mirzo Ulug'bek,migration_in,6358,persons,2026-01-01/2026-06-30,"Toshstat, Demografiya Jan-Jun 2026",https://toshstat.uz/2026/demografiya/demografiya1.pdf,A,2026-09-18,"Period total, not a stock"
Mirzo Ulug'bek,migration_out,4745,persons,2026-01-01/2026-06-30,"Toshstat, Demografiya Jan-Jun 2026",https://toshstat.uz/2026/demografiya/demografiya1.pdf,A,2026-09-18,"Period total, not a stock"
Mirzo Ulug'bek,net_migration,1613,persons,2026-01-01/2026-06-30,DERIVED: migration_in minus migration_out,https://toshstat.uz/2026/demografiya/demografiya1.pdf,D,2026-09-18,Derived by subtraction from two published figures
Olmazor,migration_in,4861,persons,2026-01-01/2026-06-30,"Toshstat, Demografiya Jan-Jun 2026",https://toshstat.uz/2026/demografiya/demografiya1.pdf,A,2026-09-18,"Period total, not a stock"
Olmazor,migration_out,4700,persons,2026-01-01/2026-06-30,"Toshstat, Demografiya Jan-Jun 2026",https://toshstat.uz/2026/demografiya/demografiya1.pdf,A,2026-09-18,"Period total, not a stock"
Olmazor,net_migration,161,persons,2026-01-01/2026-06-30,DERIVED: migration_in minus migration_out,https://toshstat.uz/2026/demografiya/demografiya1.pdf,D,2026-09-18,Derived by subtraction from two published figures
Sergeli,migration_in,7580,persons,2026-01-01/2026-06-30,"Toshstat, Demografiya Jan-Jun 2026",https://toshstat.uz/2026/demografiya/demografiya1.pdf,A,2026-09-18,"Period total, not a stock"
Sergeli,migration_out,4523,persons,2026-01-01/2026-06-30,"Toshstat, Demografiya Jan-Jun 2026",https://toshstat.uz/2026/demografiya/demografiya1.pdf,A,2026-09-18,"Period total, not a stock"
Sergeli,net_migration,3057,persons,2026-01-01/2026-06-30,DERIVED: migration_in minus migration_out,https://toshstat.uz/2026/demografiya/demografiya1.pdf,D,2026-09-18,Derived by subtraction from two published figures
Shayxontohur,migration_in,3963,persons,2026-01-01/2026-06-30,"Toshstat, Demografiya Jan-Jun 2026",https://toshstat.uz/2026/demografiya/demografiya1.pdf,A,2026-09-18,"Period total, not a stock"
Shayxontohur,migration_out,4869,persons,2026-01-01/2026-06-30,"Toshstat, Demografiya Jan-Jun 2026",https://toshstat.uz/2026/demografiya/demografiya1.pdf,A,2026-09-18,"Period total, not a stock"
Shayxontohur,net_migration,-906,persons,2026-01-01/2026-06-30,DERIVED: migration_in minus migration_out,https://toshstat.uz/2026/demografiya/demografiya1.pdf,D,2026-09-18,Derived by subtraction from two published figures
Uchtepa,migration_in,6788,persons,2026-01-01/2026-06-30,"Toshstat, Demografiya Jan-Jun 2026",https://toshstat.uz/2026/demografiya/demografiya1.pdf,A,2026-09-18,"Period total, not a stock"
Uchtepa,migration_out,5152,persons,2026-01-01/2026-06-30,"Toshstat, Demografiya Jan-Jun 2026",https://toshstat.uz/2026/demografiya/demografiya1.pdf,A,2026-09-18,"Period total, not a stock"
Uchtepa,net_migration,1636,persons,2026-01-01/2026-06-30,DERIVED: migration_in minus migration_out,https://toshstat.uz/2026/demografiya/demografiya1.pdf,D,2026-09-18,Derived by subtraction from two published figures
Yakkasaroy,migration_in,2607,persons,2026-01-01/2026-06-30,"Toshstat, Demografiya Jan-Jun 2026",https://toshstat.uz/2026/demografiya/demografiya1.pdf,A,2026-09-18,"Period total, not a stock"
Yakkasaroy,migration_out,2436,persons,2026-01-01/2026-06-30,"Toshstat, Demografiya Jan-Jun 2026",https://toshstat.uz/2026/demografiya/demografiya1.pdf,A,2026-09-18,"Period total, not a stock"
Yakkasaroy,net_migration,171,persons,2026-01-01/2026-06-30,DERIVED: migration_in minus migration_out,https://toshstat.uz/2026/demografiya/demografiya1.pdf,D,2026-09-18,Derived by subtraction from two published figures
Yashnobod,migration_in,8715,persons,2026-01-01/2026-06-30,"Toshstat, Demografiya Jan-Jun 2026",https://toshstat.uz/2026/demografiya/demografiya1.pdf,A,2026-09-18,"Period total, not a stock"
Yashnobod,migration_out,5000,persons,2026-01-01/2026-06-30,"Toshstat, Demografiya Jan-Jun 2026",https://toshstat.uz/2026/demografiya/demografiya1.pdf,A,2026-09-18,"Period total, not a stock"
Yashnobod,net_migration,3715,persons,2026-01-01/2026-06-30,DERIVED: migration_in minus migration_out,https://toshstat.uz/2026/demografiya/demografiya1.pdf,D,2026-09-18,Derived by subtraction from two published figures
Yunusobod,migration_in,6598,persons,2026-01-01/2026-06-30,"Toshstat, Demografiya Jan-Jun 2026",https://toshstat.uz/2026/demografiya/demografiya1.pdf,A,2026-09-18,"Period total, not a stock"
Yunusobod,migration_out,5262,persons,2026-01-01/2026-06-30,"Toshstat, Demografiya Jan-Jun 2026",https://toshstat.uz/2026/demografiya/demografiya1.pdf,A,2026-09-18,"Period total, not a stock"
Yunusobod,net_migration,1336,persons,2026-01-01/2026-06-30,DERIVED: migration_in minus migration_out,https://toshstat.uz/2026/demografiya/demografiya1.pdf,D,2026-09-18,Derived by subtraction from two published figures
Yangihayot,migration_in,6374,persons,2026-01-01/2026-06-30,"Toshstat, Demografiya Jan-Jun 2026",https://toshstat.uz/2026/demografiya/demografiya1.pdf,A,2026-09-18,"Period total, not a stock"
Yangihayot,migration_out,3757,persons,2026-01-01/2026-06-30,"Toshstat, Demografiya Jan-Jun 2026",https://toshstat.uz/2026/demografiya/demografiya1.pdf,A,2026-09-18,"Period total, not a stock"
Yangihayot,net_migration,2617,persons,2026-01-01/2026-06-30,DERIVED: migration_in minus migration_out,https://toshstat.uz/2026/demografiya/demografiya1.pdf,D,2026-09-18,Derived by subtraction from two published figures
Bektemir,migration_in,4707,persons,2025-01-01/2025-09-30,"Toshstat, Demografiya Jan-Sep 2025",https://toshstat.uz/2025/Demografya/Demografiya.pdf,A,2026-09-18,Period total
Bektemir,migration_out,1272,persons,2025-01-01/2025-09-30,"Toshstat, Demografiya Jan-Sep 2025",https://toshstat.uz/2025/Demografya/Demografiya.pdf,A,2026-09-18,Period total
Chilonzor,migration_in,5430,persons,2025-01-01/2025-09-30,"Toshstat, Demografiya Jan-Sep 2025",https://toshstat.uz/2025/Demografya/Demografiya.pdf,A,2026-09-18,Period total
Chilonzor,migration_out,7230,persons,2025-01-01/2025-09-30,"Toshstat, Demografiya Jan-Sep 2025",https://toshstat.uz/2025/Demografya/Demografiya.pdf,A,2026-09-18,Period total
Mirobod,migration_in,4232,persons,2025-01-01/2025-09-30,"Toshstat, Demografiya Jan-Sep 2025",https://toshstat.uz/2025/Demografya/Demografiya.pdf,A,2026-09-18,Period total
Mirobod,migration_out,3468,persons,2025-01-01/2025-09-30,"Toshstat, Demografiya Jan-Sep 2025",https://toshstat.uz/2025/Demografya/Demografiya.pdf,A,2026-09-18,Period total
Mirzo Ulug'bek,migration_in,6388,persons,2025-01-01/2025-09-30,"Toshstat, Demografiya Jan-Sep 2025",https://toshstat.uz/2025/Demografya/Demografiya.pdf,A,2026-09-18,Period total
Mirzo Ulug'bek,migration_out,5521,persons,2025-01-01/2025-09-30,"Toshstat, Demografiya Jan-Sep 2025",https://toshstat.uz/2025/Demografya/Demografiya.pdf,A,2026-09-18,Period total
Olmazor,migration_in,5294,persons,2025-01-01/2025-09-30,"Toshstat, Demografiya Jan-Sep 2025",https://toshstat.uz/2025/Demografya/Demografiya.pdf,A,2026-09-18,Period total
Olmazor,migration_out,5827,persons,2025-01-01/2025-09-30,"Toshstat, Demografiya Jan-Sep 2025",https://toshstat.uz/2025/Demografya/Demografiya.pdf,A,2026-09-18,Period total
Sergeli,migration_in,8311,persons,2025-01-01/2025-09-30,"Toshstat, Demografiya Jan-Sep 2025",https://toshstat.uz/2025/Demografya/Demografiya.pdf,A,2026-09-18,Period total
Sergeli,migration_out,5093,persons,2025-01-01/2025-09-30,"Toshstat, Demografiya Jan-Sep 2025",https://toshstat.uz/2025/Demografya/Demografiya.pdf,A,2026-09-18,Period total
Shayxontohur,migration_in,4449,persons,2025-01-01/2025-09-30,"Toshstat, Demografiya Jan-Sep 2025",https://toshstat.uz/2025/Demografya/Demografiya.pdf,A,2026-09-18,Period total
Shayxontohur,migration_out,5635,persons,2025-01-01/2025-09-30,"Toshstat, Demografiya Jan-Sep 2025",https://toshstat.uz/2025/Demografya/Demografiya.pdf,A,2026-09-18,Period total
Uchtepa,migration_in,5309,persons,2025-01-01/2025-09-30,"Toshstat, Demografiya Jan-Sep 2025",https://toshstat.uz/2025/Demografya/Demografiya.pdf,A,2026-09-18,Period total
Uchtepa,migration_out,6119,persons,2025-01-01/2025-09-30,"Toshstat, Demografiya Jan-Sep 2025",https://toshstat.uz/2025/Demografya/Demografiya.pdf,A,2026-09-18,Period total
Yakkasaroy,migration_in,3209,persons,2025-01-01/2025-09-30,"Toshstat, Demografiya Jan-Sep 2025",https://toshstat.uz/2025/Demografya/Demografiya.pdf,A,2026-09-18,Period total
Yakkasaroy,migration_out,2866,persons,2025-01-01/2025-09-30,"Toshstat, Demografiya Jan-Sep 2025",https://toshstat.uz/2025/Demografya/Demografiya.pdf,A,2026-09-18,Period total
Yashnobod,migration_in,9311,persons,2025-01-01/2025-09-30,"Toshstat, Demografiya Jan-Sep 2025",https://toshstat.uz/2025/Demografya/Demografiya.pdf,A,2026-09-18,Period total
Yashnobod,migration_out,5698,persons,2025-01-01/2025-09-30,"Toshstat, Demografiya Jan-Sep 2025",https://toshstat.uz/2025/Demografya/Demografiya.pdf,A,2026-09-18,Period total
Yunusobod,migration_in,7750,persons,2025-01-01/2025-09-30,"Toshstat, Demografiya Jan-Sep 2025",https://toshstat.uz/2025/Demografya/Demografiya.pdf,A,2026-09-18,Period total
Yunusobod,migration_out,6061,persons,2025-01-01/2025-09-30,"Toshstat, Demografiya Jan-Sep 2025",https://toshstat.uz/2025/Demografya/Demografiya.pdf,A,2026-09-18,Period total
Yangihayot,migration_in,10615,persons,2025-01-01/2025-09-30,"Toshstat, Demografiya Jan-Sep 2025",https://toshstat.uz/2025/Demografya/Demografiya.pdf,A,2026-09-18,Period total
Yangihayot,migration_out,3992,persons,2025-01-01/2025-09-30,"Toshstat, Demografiya Jan-Sep 2025",https://toshstat.uz/2025/Demografya/Demografiya.pdf,A,2026-09-18,Period total
Yunusobod,average_monthly_nominal_salary,15038.5,thousand UZS,2026-01-01/2026-06-30,"Toshstat, Mehnat",https://toshstat.uz/2026/mehnat/mehnat1.pdf,A,2026-09-18,Excludes small/micro enterprises and agriculture
Mirobod,average_monthly_nominal_salary,13909.8,thousand UZS,2026-01-01/2026-06-30,"Toshstat, Mehnat",https://toshstat.uz/2026/mehnat/mehnat1.pdf,A,2026-09-18,Excludes small/micro enterprises and agriculture
Mirzo Ulug'bek,average_monthly_nominal_salary,13706.9,thousand UZS,2026-01-01/2026-06-30,"Toshstat, Mehnat",https://toshstat.uz/2026/mehnat/mehnat1.pdf,A,2026-09-18,Excludes small/micro enterprises and agriculture
Shayxontohur,average_monthly_nominal_salary,13673.5,thousand UZS,2026-01-01/2026-06-30,"Toshstat, Mehnat",https://toshstat.uz/2026/mehnat/mehnat1.pdf,A,2026-09-18,Excludes small/micro enterprises and agriculture
Yakkasaroy,average_monthly_nominal_salary,11956.0,thousand UZS,2026-01-01/2026-06-30,"Toshstat, Mehnat",https://toshstat.uz/2026/mehnat/mehnat1.pdf,A,2026-09-18,Excludes small/micro enterprises and agriculture
Yashnobod,average_monthly_nominal_salary,11487.0,thousand UZS,2026-01-01/2026-06-30,"Toshstat, Mehnat",https://toshstat.uz/2026/mehnat/mehnat1.pdf,A,2026-09-18,Excludes small/micro enterprises and agriculture
Sergeli,average_monthly_nominal_salary,10466.0,thousand UZS,2026-01-01/2026-06-30,"Toshstat, Mehnat",https://toshstat.uz/2026/mehnat/mehnat1.pdf,A,2026-09-18,Excludes small/micro enterprises and agriculture
Chilonzor,average_monthly_nominal_salary,10445.0,thousand UZS,2026-01-01/2026-06-30,"Toshstat, Mehnat",https://toshstat.uz/2026/mehnat/mehnat1.pdf,A,2026-09-18,Excludes small/micro enterprises and agriculture
Olmazor,average_monthly_nominal_salary,9100.6,thousand UZS,2026-01-01/2026-06-30,"Toshstat, Mehnat",https://toshstat.uz/2026/mehnat/mehnat1.pdf,A,2026-09-18,Excludes small/micro enterprises and agriculture
Bektemir,average_monthly_nominal_salary,7736.0,thousand UZS,2026-01-01/2026-06-30,"Toshstat, Mehnat",https://toshstat.uz/2026/mehnat/mehnat1.pdf,A,2026-09-18,Excludes small/micro enterprises and agriculture
Yangihayot,average_monthly_nominal_salary,6514.3,thousand UZS,2026-01-01/2026-06-30,"Toshstat, Mehnat",https://toshstat.uz/2026/mehnat/mehnat1.pdf,A,2026-09-18,Excludes small/micro enterprises and agriculture
Uchtepa,average_monthly_nominal_salary,6417.8,thousand UZS,2026-01-01/2026-06-30,"Toshstat, Mehnat",https://toshstat.uz/2026/mehnat/mehnat1.pdf,A,2026-09-18,Excludes small/micro enterprises and agriculture
Yunusobod,average_monthly_nominal_salary,11932.6,thousand UZS,2025-01-01/2025-06-30,"Toshstat, Mehnat",https://toshstat.uz/2025/Mehnat/mexnat2.pdf,A,2026-09-18,Excludes small/micro enterprises and agriculture
Mirobod,average_monthly_nominal_salary,12964.2,thousand UZS,2025-01-01/2025-06-30,"Toshstat, Mehnat",https://toshstat.uz/2025/Mehnat/mexnat2.pdf,A,2026-09-18,Excludes small/micro enterprises and agriculture
Mirzo Ulug'bek,average_monthly_nominal_salary,11327.1,thousand UZS,2025-01-01/2025-06-30,"Toshstat, Mehnat",https://toshstat.uz/2025/Mehnat/mexnat2.pdf,A,2026-09-18,Excludes small/micro enterprises and agriculture
Shayxontohur,average_monthly_nominal_salary,11230.8,thousand UZS,2025-01-01/2025-06-30,"Toshstat, Mehnat",https://toshstat.uz/2025/Mehnat/mexnat2.pdf,A,2026-09-18,Excludes small/micro enterprises and agriculture
Yakkasaroy,average_monthly_nominal_salary,10279.7,thousand UZS,2025-01-01/2025-06-30,"Toshstat, Mehnat",https://toshstat.uz/2025/Mehnat/mexnat2.pdf,A,2026-09-18,Excludes small/micro enterprises and agriculture
Yashnobod,average_monthly_nominal_salary,9228.0,thousand UZS,2025-01-01/2025-06-30,"Toshstat, Mehnat",https://toshstat.uz/2025/Mehnat/mexnat2.pdf,A,2026-09-18,Excludes small/micro enterprises and agriculture
Sergeli,average_monthly_nominal_salary,9052.2,thousand UZS,2025-01-01/2025-06-30,"Toshstat, Mehnat",https://toshstat.uz/2025/Mehnat/mexnat2.pdf,A,2026-09-18,Excludes small/micro enterprises and agriculture
Chilonzor,average_monthly_nominal_salary,8501.0,thousand UZS,2025-01-01/2025-06-30,"Toshstat, Mehnat",https://toshstat.uz/2025/Mehnat/mexnat2.pdf,A,2026-09-18,Excludes small/micro enterprises and agriculture
Olmazor,average_monthly_nominal_salary,7770.9,thousand UZS,2025-01-01/2025-06-30,"Toshstat, Mehnat",https://toshstat.uz/2025/Mehnat/mexnat2.pdf,A,2026-09-18,Excludes small/micro enterprises and agriculture
Bektemir,average_monthly_nominal_salary,6570.7,thousand UZS,2025-01-01/2025-06-30,"Toshstat, Mehnat",https://toshstat.uz/2025/Mehnat/mexnat2.pdf,A,2026-09-18,Excludes small/micro enterprises and agriculture
Yangihayot,average_monthly_nominal_salary,5819.8,thousand UZS,2025-01-01/2025-06-30,"Toshstat, Mehnat",https://toshstat.uz/2025/Mehnat/mexnat2.pdf,A,2026-09-18,Excludes small/micro enterprises and agriculture
Uchtepa,average_monthly_nominal_salary,5218.4,thousand UZS,2025-01-01/2025-06-30,"Toshstat, Mehnat",https://toshstat.uz/2025/Mehnat/mexnat2.pdf,A,2026-09-18,Excludes small/micro enterprises and agriculture
Chilonzor,retail_trade_turnover,11958.8,bn UZS,2026-01-01/2026-07-31,"Toshstat, Internal trade",https://toshstat.uz/2026/savdo/ichki08.pdf,A,2026-09-18,NULL
Shayxontohur,retail_trade_turnover,10196.5,bn UZS,2026-01-01/2026-07-31,"Toshstat, Internal trade",https://toshstat.uz/2026/savdo/ichki08.pdf,A,2026-09-18,NULL
Yunusobod,retail_trade_turnover,9044.7,bn UZS,2026-01-01/2026-07-31,"Toshstat, Internal trade",https://toshstat.uz/2026/savdo/ichki08.pdf,A,2026-09-18,NULL
Mirzo Ulug'bek,retail_trade_turnover,7623.6,bn UZS,2026-01-01/2026-07-31,"Toshstat, Internal trade",https://toshstat.uz/2026/savdo/ichki08.pdf,A,2026-09-18,NULL
Yashnobod,retail_trade_turnover,7357.2,bn UZS,2026-01-01/2026-07-31,"Toshstat, Internal trade",https://toshstat.uz/2026/savdo/ichki08.pdf,A,2026-09-18,NULL
Uchtepa,retail_trade_turnover,6744.0,bn UZS,2026-01-01/2026-07-31,"Toshstat, Internal trade",https://toshstat.uz/2026/savdo/ichki08.pdf,A,2026-09-18,NULL
Yakkasaroy,retail_trade_turnover,6554.1,bn UZS,2026-01-01/2026-07-31,"Toshstat, Internal trade",https://toshstat.uz/2026/savdo/ichki08.pdf,A,2026-09-18,NULL
Mirobod,retail_trade_turnover,5882.3,bn UZS,2026-01-01/2026-07-31,"Toshstat, Internal trade",https://toshstat.uz/2026/savdo/ichki08.pdf,A,2026-09-18,NULL
Sergeli,retail_trade_turnover,5464.6,bn UZS,2026-01-01/2026-07-31,"Toshstat, Internal trade",https://toshstat.uz/2026/savdo/ichki08.pdf,A,2026-09-18,NULL
Olmazor,retail_trade_turnover,4636.3,bn UZS,2026-01-01/2026-07-31,"Toshstat, Internal trade",https://toshstat.uz/2026/savdo/ichki08.pdf,A,2026-09-18,NULL
Bektemir,retail_trade_turnover,2632.4,bn UZS,2026-01-01/2026-07-31,"Toshstat, Internal trade",https://toshstat.uz/2026/savdo/ichki08.pdf,A,2026-09-18,NULL
Yangihayot,retail_trade_turnover,1231.0,bn UZS,2026-01-01/2026-07-31,"Toshstat, Internal trade",https://toshstat.uz/2026/savdo/ichki08.pdf,A,2026-09-18,NULL
Mirzo Ulug'bek,registered_enterprises_total,13523,units,2026-08-01,"Toshstat, Enterprise register (pub 15.08.2026)",https://toshstat.uz/2026/Registr/Iyul.pdf,A,2026-09-18,NULL
Mirzo Ulug'bek,entrepreneurship_subjects,12355,units,2026-08-01,"Toshstat, Enterprise register",https://toshstat.uz/2026/Registr/Iyul.pdf,A,2026-09-18,NULL
Mirzo Ulug'bek,small_business_entities,12049,units,2026-08-01,"Toshstat, Enterprise register",https://toshstat.uz/2026/Registr/Iyul.pdf,A,2026-09-18,NULL
Yunusobod,registered_enterprises_total,13467,units,2026-08-01,"Toshstat, Enterprise register (pub 15.08.2026)",https://toshstat.uz/2026/Registr/Iyul.pdf,A,2026-09-18,NULL
Yunusobod,entrepreneurship_subjects,12380,units,2026-08-01,"Toshstat, Enterprise register",https://toshstat.uz/2026/Registr/Iyul.pdf,A,2026-09-18,NULL
Yunusobod,small_business_entities,12077,units,2026-08-01,"Toshstat, Enterprise register",https://toshstat.uz/2026/Registr/Iyul.pdf,A,2026-09-18,NULL
Chilonzor,registered_enterprises_total,12763,units,2026-08-01,"Toshstat, Enterprise register (pub 15.08.2026)",https://toshstat.uz/2026/Registr/Iyul.pdf,A,2026-09-18,NULL
Chilonzor,entrepreneurship_subjects,11820,units,2026-08-01,"Toshstat, Enterprise register",https://toshstat.uz/2026/Registr/Iyul.pdf,A,2026-09-18,NULL
Chilonzor,small_business_entities,11591,units,2026-08-01,"Toshstat, Enterprise register",https://toshstat.uz/2026/Registr/Iyul.pdf,A,2026-09-18,NULL
Yashnobod,registered_enterprises_total,10821,units,2026-08-01,"Toshstat, Enterprise register (pub 15.08.2026)",https://toshstat.uz/2026/Registr/Iyul.pdf,A,2026-09-18,NULL
Yashnobod,entrepreneurship_subjects,10092,units,2026-08-01,"Toshstat, Enterprise register",https://toshstat.uz/2026/Registr/Iyul.pdf,A,2026-09-18,NULL
Yashnobod,small_business_entities,9846,units,2026-08-01,"Toshstat, Enterprise register",https://toshstat.uz/2026/Registr/Iyul.pdf,A,2026-09-18,NULL
Yakkasaroy,registered_enterprises_total,10600,units,2026-08-01,"Toshstat, Enterprise register (pub 15.08.2026)",https://toshstat.uz/2026/Registr/Iyul.pdf,A,2026-09-18,NULL
Yakkasaroy,entrepreneurship_subjects,9928,units,2026-08-01,"Toshstat, Enterprise register",https://toshstat.uz/2026/Registr/Iyul.pdf,A,2026-09-18,NULL
Yakkasaroy,small_business_entities,9750,units,2026-08-01,"Toshstat, Enterprise register",https://toshstat.uz/2026/Registr/Iyul.pdf,A,2026-09-18,NULL
Shayxontohur,registered_enterprises_total,10427,units,2026-08-01,"Toshstat, Enterprise register (pub 15.08.2026)",https://toshstat.uz/2026/Registr/Iyul.pdf,A,2026-09-18,NULL
Shayxontohur,entrepreneurship_subjects,9527,units,2026-08-01,"Toshstat, Enterprise register",https://toshstat.uz/2026/Registr/Iyul.pdf,A,2026-09-18,NULL
Shayxontohur,small_business_entities,9254,units,2026-08-01,"Toshstat, Enterprise register",https://toshstat.uz/2026/Registr/Iyul.pdf,A,2026-09-18,NULL
Olmazor,registered_enterprises_total,9987,units,2026-08-01,"Toshstat, Enterprise register (pub 15.08.2026)",https://toshstat.uz/2026/Registr/Iyul.pdf,A,2026-09-18,NULL
Olmazor,entrepreneurship_subjects,9287,units,2026-08-01,"Toshstat, Enterprise register",https://toshstat.uz/2026/Registr/Iyul.pdf,A,2026-09-18,NULL
Olmazor,small_business_entities,9125,units,2026-08-01,"Toshstat, Enterprise register",https://toshstat.uz/2026/Registr/Iyul.pdf,A,2026-09-18,NULL
Mirobod,registered_enterprises_total,9348,units,2026-08-01,"Toshstat, Enterprise register (pub 15.08.2026)",https://toshstat.uz/2026/Registr/Iyul.pdf,A,2026-09-18,NULL
Mirobod,entrepreneurship_subjects,8557,units,2026-08-01,"Toshstat, Enterprise register",https://toshstat.uz/2026/Registr/Iyul.pdf,A,2026-09-18,NULL
Mirobod,small_business_entities,8274,units,2026-08-01,"Toshstat, Enterprise register",https://toshstat.uz/2026/Registr/Iyul.pdf,A,2026-09-18,NULL
Uchtepa,registered_enterprises_total,8414,units,2026-08-01,"Toshstat, Enterprise register (pub 15.08.2026)",https://toshstat.uz/2026/Registr/Iyul.pdf,A,2026-09-18,NULL
Uchtepa,entrepreneurship_subjects,7904,units,2026-08-01,"Toshstat, Enterprise register",https://toshstat.uz/2026/Registr/Iyul.pdf,A,2026-09-18,NULL
Uchtepa,small_business_entities,7833,units,2026-08-01,"Toshstat, Enterprise register",https://toshstat.uz/2026/Registr/Iyul.pdf,A,2026-09-18,NULL
Sergeli,registered_enterprises_total,7059,units,2026-08-01,"Toshstat, Enterprise register (pub 15.08.2026)",https://toshstat.uz/2026/Registr/Iyul.pdf,A,2026-09-18,NULL
Sergeli,entrepreneurship_subjects,6714,units,2026-08-01,"Toshstat, Enterprise register",https://toshstat.uz/2026/Registr/Iyul.pdf,A,2026-09-18,NULL
Sergeli,small_business_entities,6596,units,2026-08-01,"Toshstat, Enterprise register",https://toshstat.uz/2026/Registr/Iyul.pdf,A,2026-09-18,NULL
Yangihayot,registered_enterprises_total,5034,units,2026-08-01,"Toshstat, Enterprise register (pub 15.08.2026)",https://toshstat.uz/2026/Registr/Iyul.pdf,A,2026-09-18,NULL
Yangihayot,entrepreneurship_subjects,4784,units,2026-08-01,"Toshstat, Enterprise register",https://toshstat.uz/2026/Registr/Iyul.pdf,A,2026-09-18,NULL
Yangihayot,small_business_entities,4698,units,2026-08-01,"Toshstat, Enterprise register",https://toshstat.uz/2026/Registr/Iyul.pdf,A,2026-09-18,NULL
Bektemir,registered_enterprises_total,3334,units,2026-08-01,"Toshstat, Enterprise register (pub 15.08.2026)",https://toshstat.uz/2026/Registr/Iyul.pdf,A,2026-09-18,NULL
Bektemir,entrepreneurship_subjects,3188,units,2026-08-01,"Toshstat, Enterprise register",https://toshstat.uz/2026/Registr/Iyul.pdf,A,2026-09-18,NULL
Bektemir,small_business_entities,3144,units,2026-08-01,"Toshstat, Enterprise register",https://toshstat.uz/2026/Registr/Iyul.pdf,A,2026-09-18,NULL
Yunusobod,construction_works_volume,2529.1,bn UZS,2026-01-01/2026-04-30,"Toshstat, Qurilish (pub 26.05.2026)",https://toshstat.uz/2026/qurilish/qurilish4.pdf,A,2026-09-18,NULL
Yakkasaroy,construction_works_volume,2420.8,bn UZS,2026-01-01/2026-04-30,"Toshstat, Qurilish (pub 26.05.2026)",https://toshstat.uz/2026/qurilish/qurilish4.pdf,A,2026-09-18,NULL
Mirobod,construction_works_volume,2059.4,bn UZS,2026-01-01/2026-04-30,"Toshstat, Qurilish (pub 26.05.2026)",https://toshstat.uz/2026/qurilish/qurilish4.pdf,A,2026-09-18,NULL
Yashnobod,construction_works_volume,1645.6,bn UZS,2026-01-01/2026-04-30,"Toshstat, Qurilish (pub 26.05.2026)",https://toshstat.uz/2026/qurilish/qurilish4.pdf,A,2026-09-18,NULL
Shayxontohur,construction_works_volume,1619.0,bn UZS,2026-01-01/2026-04-30,"Toshstat, Qurilish (pub 26.05.2026)",https://toshstat.uz/2026/qurilish/qurilish4.pdf,A,2026-09-18,NULL
Chilonzor,construction_works_volume,1460.8,bn UZS,2026-01-01/2026-04-30,"Toshstat, Qurilish (pub 26.05.2026)",https://toshstat.uz/2026/qurilish/qurilish4.pdf,A,2026-09-18,NULL
Mirzo Ulug'bek,construction_works_volume,1377.3,bn UZS,2026-01-01/2026-04-30,"Toshstat, Qurilish (pub 26.05.2026)",https://toshstat.uz/2026/qurilish/qurilish4.pdf,A,2026-09-18,NULL
Olmazor,construction_works_volume,1226.1,bn UZS,2026-01-01/2026-04-30,"Toshstat, Qurilish (pub 26.05.2026)",https://toshstat.uz/2026/qurilish/qurilish4.pdf,A,2026-09-18,NULL
Sergeli,construction_works_volume,1024.4,bn UZS,2026-01-01/2026-04-30,"Toshstat, Qurilish (pub 26.05.2026)",https://toshstat.uz/2026/qurilish/qurilish4.pdf,A,2026-09-18,NULL
Uchtepa,construction_works_volume,933.3,bn UZS,2026-01-01/2026-04-30,"Toshstat, Qurilish (pub 26.05.2026)",https://toshstat.uz/2026/qurilish/qurilish4.pdf,A,2026-09-18,NULL
Yangihayot,construction_works_volume,747.9,bn UZS,2026-01-01/2026-04-30,"Toshstat, Qurilish (pub 26.05.2026)",https://toshstat.uz/2026/qurilish/qurilish4.pdf,A,2026-09-18,NULL
Bektemir,construction_works_volume,682.1,bn UZS,2026-01-01/2026-04-30,"Toshstat, Qurilish (pub 26.05.2026)",https://toshstat.uz/2026/qurilish/qurilish4.pdf,A,2026-09-18,NULL
Yunusobod,hospitals,13,units,2024-01-01,"Toshstat, Health statistics",https://toshstat.uz/2023/Sogliq/sogliq.pdf,A,2026-09-18,NULL = value absent from the source table
Yunusobod,polyclinics_ambulatory,190,units,2024-01-01,"Toshstat, Health statistics",https://toshstat.uz/2023/Sogliq/sogliq.pdf,A,2026-09-18,NULL
Yunusobod,doctors,4.0,thousand persons,2024-01-01,"Toshstat, Health statistics",https://toshstat.uz/2023/Sogliq/sogliq.pdf,A,2026-09-18,NULL = value absent from the source table
Yunusobod,mid_level_medical_staff,6.3,thousand persons,2024-01-01,"Toshstat, Health statistics",https://toshstat.uz/2023/Sogliq/sogliq.pdf,A,2026-09-18,NULL
Olmazor,hospitals,12,units,2024-01-01,"Toshstat, Health statistics",https://toshstat.uz/2023/Sogliq/sogliq.pdf,A,2026-09-18,NULL = value absent from the source table
Olmazor,polyclinics_ambulatory,157,units,2024-01-01,"Toshstat, Health statistics",https://toshstat.uz/2023/Sogliq/sogliq.pdf,A,2026-09-18,NULL
Olmazor,doctors,4.1,thousand persons,2024-01-01,"Toshstat, Health statistics",https://toshstat.uz/2023/Sogliq/sogliq.pdf,A,2026-09-18,NULL = value absent from the source table
Olmazor,mid_level_medical_staff,6.2,thousand persons,2024-01-01,"Toshstat, Health statistics",https://toshstat.uz/2023/Sogliq/sogliq.pdf,A,2026-09-18,NULL
Chilonzor,hospitals,11,units,2024-01-01,"Toshstat, Health statistics",https://toshstat.uz/2023/Sogliq/sogliq.pdf,A,2026-09-18,NULL = value absent from the source table
Chilonzor,polyclinics_ambulatory,160,units,2024-01-01,"Toshstat, Health statistics",https://toshstat.uz/2023/Sogliq/sogliq.pdf,A,2026-09-18,NULL
Chilonzor,doctors,NULL,thousand persons,2024-01-01,"Toshstat, Health statistics",https://toshstat.uz/2023/Sogliq/sogliq.pdf,A,2026-09-18,NULL = value absent from the source table
Chilonzor,mid_level_medical_staff,6.2,thousand persons,2024-01-01,"Toshstat, Health statistics",https://toshstat.uz/2023/Sogliq/sogliq.pdf,A,2026-09-18,NULL
Mirzo Ulug'bek,hospitals,NULL,units,2024-01-01,"Toshstat, Health statistics",https://toshstat.uz/2023/Sogliq/sogliq.pdf,A,2026-09-18,NULL = value absent from the source table
Mirzo Ulug'bek,polyclinics_ambulatory,157,units,2024-01-01,"Toshstat, Health statistics",https://toshstat.uz/2023/Sogliq/sogliq.pdf,A,2026-09-18,NULL
Mirzo Ulug'bek,doctors,3.1,thousand persons,2024-01-01,"Toshstat, Health statistics",https://toshstat.uz/2023/Sogliq/sogliq.pdf,A,2026-09-18,NULL = value absent from the source table
Mirzo Ulug'bek,mid_level_medical_staff,5.0,thousand persons,2024-01-01,"Toshstat, Health statistics",https://toshstat.uz/2023/Sogliq/sogliq.pdf,A,2026-09-18,NULL
Shayxontohur,hospitals,NULL,units,2024-01-01,"Toshstat, Health statistics",https://toshstat.uz/2023/Sogliq/sogliq.pdf,A,2026-09-18,NULL = value absent from the source table
Shayxontohur,polyclinics_ambulatory,115,units,2024-01-01,"Toshstat, Health statistics",https://toshstat.uz/2023/Sogliq/sogliq.pdf,A,2026-09-18,NULL
Shayxontohur,doctors,1.4,thousand persons,2024-01-01,"Toshstat, Health statistics",https://toshstat.uz/2023/Sogliq/sogliq.pdf,A,2026-09-18,NULL = value absent from the source table
Shayxontohur,mid_level_medical_staff,3.5,thousand persons,2024-01-01,"Toshstat, Health statistics",https://toshstat.uz/2023/Sogliq/sogliq.pdf,A,2026-09-18,NULL
Uchtepa,hospitals,NULL,units,2024-01-01,"Toshstat, Health statistics",https://toshstat.uz/2023/Sogliq/sogliq.pdf,A,2026-09-18,NULL = value absent from the source table
Uchtepa,polyclinics_ambulatory,87,units,2024-01-01,"Toshstat, Health statistics",https://toshstat.uz/2023/Sogliq/sogliq.pdf,A,2026-09-18,NULL
Uchtepa,doctors,1.4,thousand persons,2024-01-01,"Toshstat, Health statistics",https://toshstat.uz/2023/Sogliq/sogliq.pdf,A,2026-09-18,NULL = value absent from the source table
Uchtepa,mid_level_medical_staff,2.9,thousand persons,2024-01-01,"Toshstat, Health statistics",https://toshstat.uz/2023/Sogliq/sogliq.pdf,A,2026-09-18,NULL
Yashnobod,hospitals,NULL,units,2024-01-01,"Toshstat, Health statistics",https://toshstat.uz/2023/Sogliq/sogliq.pdf,A,2026-09-18,NULL = value absent from the source table
Yashnobod,polyclinics_ambulatory,87,units,2024-01-01,"Toshstat, Health statistics",https://toshstat.uz/2023/Sogliq/sogliq.pdf,A,2026-09-18,NULL
Yashnobod,doctors,2.9,thousand persons,2024-01-01,"Toshstat, Health statistics",https://toshstat.uz/2023/Sogliq/sogliq.pdf,A,2026-09-18,NULL = value absent from the source table
Yashnobod,mid_level_medical_staff,3.6,thousand persons,2024-01-01,"Toshstat, Health statistics",https://toshstat.uz/2023/Sogliq/sogliq.pdf,A,2026-09-18,NULL
Mirobod,hospitals,NULL,units,2024-01-01,"Toshstat, Health statistics",https://toshstat.uz/2023/Sogliq/sogliq.pdf,A,2026-09-18,NULL = value absent from the source table
Mirobod,polyclinics_ambulatory,70,units,2024-01-01,"Toshstat, Health statistics",https://toshstat.uz/2023/Sogliq/sogliq.pdf,A,2026-09-18,NULL
Mirobod,doctors,1.1,thousand persons,2024-01-01,"Toshstat, Health statistics",https://toshstat.uz/2023/Sogliq/sogliq.pdf,A,2026-09-18,NULL = value absent from the source table
Mirobod,mid_level_medical_staff,2.2,thousand persons,2024-01-01,"Toshstat, Health statistics",https://toshstat.uz/2023/Sogliq/sogliq.pdf,A,2026-09-18,NULL
Yakkasaroy,hospitals,NULL,units,2024-01-01,"Toshstat, Health statistics",https://toshstat.uz/2023/Sogliq/sogliq.pdf,A,2026-09-18,NULL = value absent from the source table
Yakkasaroy,polyclinics_ambulatory,57,units,2024-01-01,"Toshstat, Health statistics",https://toshstat.uz/2023/Sogliq/sogliq.pdf,A,2026-09-18,NULL
Yakkasaroy,doctors,0.8,thousand persons,2024-01-01,"Toshstat, Health statistics",https://toshstat.uz/2023/Sogliq/sogliq.pdf,A,2026-09-18,NULL = value absent from the source table
Yakkasaroy,mid_level_medical_staff,1.3,thousand persons,2024-01-01,"Toshstat, Health statistics",https://toshstat.uz/2023/Sogliq/sogliq.pdf,A,2026-09-18,NULL
Sergeli,hospitals,3,units,2024-01-01,"Toshstat, Health statistics",https://toshstat.uz/2023/Sogliq/sogliq.pdf,A,2026-09-18,NULL = value absent from the source table
Sergeli,polyclinics_ambulatory,49,units,2024-01-01,"Toshstat, Health statistics",https://toshstat.uz/2023/Sogliq/sogliq.pdf,A,2026-09-18,NULL
Sergeli,doctors,0.5,thousand persons,2024-01-01,"Toshstat, Health statistics",https://toshstat.uz/2023/Sogliq/sogliq.pdf,A,2026-09-18,NULL = value absent from the source table
Sergeli,mid_level_medical_staff,1.2,thousand persons,2024-01-01,"Toshstat, Health statistics",https://toshstat.uz/2023/Sogliq/sogliq.pdf,A,2026-09-18,NULL
Yangihayot,hospitals,NULL,units,2024-01-01,"Toshstat, Health statistics",https://toshstat.uz/2023/Sogliq/sogliq.pdf,A,2026-09-18,NULL = value absent from the source table
Yangihayot,polyclinics_ambulatory,20,units,2024-01-01,"Toshstat, Health statistics",https://toshstat.uz/2023/Sogliq/sogliq.pdf,A,2026-09-18,NULL
Yangihayot,doctors,0.3,thousand persons,2024-01-01,"Toshstat, Health statistics",https://toshstat.uz/2023/Sogliq/sogliq.pdf,A,2026-09-18,NULL = value absent from the source table
Yangihayot,mid_level_medical_staff,0.8,thousand persons,2024-01-01,"Toshstat, Health statistics",https://toshstat.uz/2023/Sogliq/sogliq.pdf,A,2026-09-18,NULL
Bektemir,hospitals,2,units,2024-01-01,"Toshstat, Health statistics",https://toshstat.uz/2023/Sogliq/sogliq.pdf,A,2026-09-18,NULL = value absent from the source table
Bektemir,polyclinics_ambulatory,12,units,2024-01-01,"Toshstat, Health statistics",https://toshstat.uz/2023/Sogliq/sogliq.pdf,A,2026-09-18,NULL
Bektemir,doctors,0.1,thousand persons,2024-01-01,"Toshstat, Health statistics",https://toshstat.uz/2023/Sogliq/sogliq.pdf,A,2026-09-18,NULL = value absent from the source table
Bektemir,mid_level_medical_staff,0.3,thousand persons,2024-01-01,"Toshstat, Health statistics",https://toshstat.uz/2023/Sogliq/sogliq.pdf,A,2026-09-18,NULL
Yunusobod,preschool_institutions,89,units,2021-12-31,"Toshstat, Preschool education",https://www.toshstat.uz/2021/Talim/maktabgacha.pdf,B,2026-09-18,Source names Sergeli as 'Sirg'ali'
Mirzo Ulug'bek,preschool_institutions,81,units,2021-12-31,"Toshstat, Preschool education",https://www.toshstat.uz/2021/Talim/maktabgacha.pdf,B,2026-09-18,Source names Sergeli as 'Sirg'ali'
Olmazor,preschool_institutions,73,units,2021-12-31,"Toshstat, Preschool education",https://www.toshstat.uz/2021/Talim/maktabgacha.pdf,B,2026-09-18,Source names Sergeli as 'Sirg'ali'
Chilonzor,preschool_institutions,72,units,2021-12-31,"Toshstat, Preschool education",https://www.toshstat.uz/2021/Talim/maktabgacha.pdf,B,2026-09-18,Source names Sergeli as 'Sirg'ali'
Uchtepa,preschool_institutions,67,units,2021-12-31,"Toshstat, Preschool education",https://www.toshstat.uz/2021/Talim/maktabgacha.pdf,B,2026-09-18,Source names Sergeli as 'Sirg'ali'
Shayxontohur,preschool_institutions,66,units,2021-12-31,"Toshstat, Preschool education",https://www.toshstat.uz/2021/Talim/maktabgacha.pdf,B,2026-09-18,Source names Sergeli as 'Sirg'ali'
Yashnobod,preschool_institutions,61,units,2021-12-31,"Toshstat, Preschool education",https://www.toshstat.uz/2021/Talim/maktabgacha.pdf,B,2026-09-18,Source names Sergeli as 'Sirg'ali'
Yakkasaroy,preschool_institutions,50,units,2021-12-31,"Toshstat, Preschool education",https://www.toshstat.uz/2021/Talim/maktabgacha.pdf,B,2026-09-18,Source names Sergeli as 'Sirg'ali'
Sergeli,preschool_institutions,37,units,2021-12-31,"Toshstat, Preschool education",https://www.toshstat.uz/2021/Talim/maktabgacha.pdf,B,2026-09-18,Source names Sergeli as 'Sirg'ali'
Mirobod,preschool_institutions,37,units,2021-12-31,"Toshstat, Preschool education",https://www.toshstat.uz/2021/Talim/maktabgacha.pdf,B,2026-09-18,Source names Sergeli as 'Sirg'ali'
Yangihayot,preschool_institutions,29,units,2021-12-31,"Toshstat, Preschool education",https://www.toshstat.uz/2021/Talim/maktabgacha.pdf,B,2026-09-18,Source names Sergeli as 'Sirg'ali'
Bektemir,preschool_institutions,13,units,2021-12-31,"Toshstat, Preschool education",https://www.toshstat.uz/2021/Talim/maktabgacha.pdf,B,2026-09-18,Source names Sergeli as 'Sirg'ali'
