kadastr_prefix,region_name_uz,district_name_uz,area_m2
10:01,Toshkent shahri,Uchtepa tumani,49741712
10:02,Toshkent shahri,Bektemir tumani,57685683
10:03,Toshkent shahri,Chilonzor tumani,53999145
10:04,Toshkent shahri,Yashnobod tumani,104369558
10:05,Toshkent shahri,Yakkasaroy tumani,25259115
10:06,Toshkent shahri,Sirg'ali tumani,92173844
10:07,Toshkent shahri,Yunusobod tumani,72961507
10:08,Toshkent shahri,Olmazor tumani,60030915
10:09,Toshkent shahri,Mirzo ulug'bek tumani,105505629
10:10,Toshkent shahri,Shayxontohur tumani,48105510
10:11,Toshkent shahri,Mirobod tumani,29295448
10:12,Toshkent shahri,Yangihayot tumani,78182641
11:01,Toshkent viloyati,Bekobod tumani,1295981434
11:02,Toshkent viloyati,Bo'ka tumani,1030665642
11:03,Toshkent viloyati,Bo'stonliq tumani,8847471560
11:04,Toshkent viloyati,Zangiota tumani,342770642
11:05,Toshkent viloyati,Qibray tumani,840650997
11:06,Toshkent viloyati,Quyichirchiq tumani,998680583
11:07,Toshkent viloyati,Oqqo'rg'on tumani,714032285
11:08,Toshkent viloyati,Ohangaron tumani,5447268623
11:09,Toshkent viloyati,Parkent tumani,1967715431
11:10,Toshkent viloyati,Pskent tumani,1319215934
11:11,Toshkent viloyati,Toshkent tumani,287228237
11:12,Toshkent viloyati,O'rtachirchiq tumani,753133747
11:13,Toshkent viloyati,Chinoz tumani,593208280
11:14,Toshkent viloyati,Yuqorichirchiq tumani,790157264
11:15,Toshkent viloyati,Yangiyo'l tumani,717040904
11:16,Toshkent viloyati,Angren shahri,289084570
11:17,Toshkent viloyati,Bekobod shahri,59892838
11:18,Toshkent viloyati,Olmaliq shahri,232050499
11:19,Toshkent viloyati,Ohangaron shahri,31733750
11:20,Toshkent viloyati,Chirchiq shahri,78315048
11:21,Toshkent viloyati,Nurafshon shahri,61649098
11:22,Toshkent viloyati,Yangiyo'l shahri,26331002
12:01,Sirdaryo viloyati,Boyovut tumani,901425980
12:02,Sirdaryo viloyati,Guliston tumani,601532855
12:03,Sirdaryo viloyati,Mirzaobod tumani,1162688703
12:04,Sirdaryo viloyati,Oqoltin tumani,861158895
12:05,Sirdaryo viloyati,Sardoba tumani,978678249
12:06,Sirdaryo viloyati,Sayxunobod tumani,784534830
12:07,Sirdaryo viloyati,Sirdaryo tumani,925851789
12:08,Sirdaryo viloyati,Xovos tumani,983006465
12:09,Sirdaryo viloyati,Shirin shahri,32571109
12:10,Sirdaryo viloyati,Guliston shahri,70705756
12:11,Sirdaryo viloyati,Yangiyer shahri,50776933
13:01,Jizzax viloyati,Arnasoy tumani,854768323
13:02,Jizzax viloyati,Baxmal tumani,3146487187
13:03,Jizzax viloyati,G'allaorol tumani,3353892410
13:04,Jizzax viloyati,Sharof Rashidov tumani,2235674719
13:05,Jizzax viloyati,Do'stlik tumani,781669338
13:06,Jizzax viloyati,Zarbdor tumani,1302686968
13:07,Jizzax viloyati,Zafarobod tumani,924992451
13:08,Jizzax viloyati,Zomin tumani,4439431712
13:09,Jizzax viloyati,Mirzacho'l tumani,873438581
13:10,Jizzax viloyati,Paxtakor tumani,648939196
13:11,Jizzax viloyati,Forish tumani,16234363245
13:12,Jizzax viloyati,Yangiobod tumani,1249606447
13:13,Jizzax viloyati,Jizzax shahri,179518042
14:01,Samarqand viloyati,Bulung'ur tumani,1300542077
14:02,Samarqand viloyati,Jomboy tumani,930784890
14:03,Samarqand viloyati,Ishtixon tumani,1225839541
14:04,Samarqand viloyati,Qo'shrabot tumani,3728684990
14:05,Samarqand viloyati,Kattaqo'rg'on tumani,2343506909
14:06,Samarqand viloyati,Narpay tumani,755272514
14:07,Samarqand viloyati,Nurobod tumani,8177972415
14:08,Samarqand viloyati,Oqdaryo tumani,644734643
14:09,Samarqand viloyati,Payariq tumani,2238868633
14:10,Samarqand viloyati,Pastdarg'om tumani,1477230365
14:11,Samarqand viloyati,Paxtachi tumani,2339021483
14:12,Samarqand viloyati,Samarqand tumani,789845282
14:13,Samarqand viloyati,Tayloq tumani,403579620
14:14,Samarqand viloyati,Urgut tumani,1928273242
14:15,Samarqand viloyati,Kattaqo'rg'on shahri,74735225
14:16,Samarqand viloyati,Samarqand shahri,190072403
15:01,Farg'ona viloyati,Bog'dod tumani,577919441
15:02,Farg'ona viloyati,Beshariq tumani,1297946763
15:03,Farg'ona viloyati,Buvayda tumani,493056442
15:04,Farg'ona viloyati,Dang'ara tumani,762116261
15:05,Farg'ona viloyati,Yozyovon tumani,705304288
15:06,Farg'ona viloyati,Quva tumani,756840180
15:07,Farg'ona viloyati,Oltiariq tumani,1084297168
15:08,Farg'ona viloyati,Qo'shtepa tumani,640130770
15:09,Farg'ona viloyati,Rishton tumani,533188624
15:10,Farg'ona viloyati,So'x tumani,383605836
15:11,Farg'ona viloyati,Toshloq tumani,421174884
15:12,Farg'ona viloyati,Uchko'prik tumani,477849664
15:13,Farg'ona viloyati,Farg'ona tumani,1051767276
15:14,Farg'ona viloyati,Furqat tumani,519839472
15:15,Farg'ona viloyati,O'zbekiston tumani,1198134628
15:16,Farg'ona viloyati,Qo'qon shahri,59610237
15:18,Farg'ona viloyati,Quvasoy shahri,454719156
15:19,Farg'ona viloyati,Marg'ilon shahri,63157204
15:20,Farg'ona viloyati,Farg'ona shahri,172116949
16:01,Namangan viloyati,Kosonsoy tumani,866266550
16:02,Namangan viloyati,Mingbuloq tumani,1042692933
16:03,Namangan viloyati,Namangan tumani,360583692
16:04,Namangan viloyati,Norin tumani,370360543
16:05,Namangan viloyati,Pop tumani,5330053707
16:06,Namangan viloyati,To'raqo'rg'on tumani,530977283
16:07,Namangan viloyati,Uychi tumani,545601631
16:08,Namangan viloyati,Uchqo'rg'on tumani,528612936
16:09,Namangan viloyati,Chortoq tumani,707452636
16:10,Namangan viloyati,Chust tumani,1613856423
16:11,Namangan viloyati,Yangiqo'rg'on tumani,850564765
16:12,Namangan viloyati,Namangan shahri,314785434
17:01,Andijon viloyati,Andijon tumani,663447441
17:02,Andijon viloyati,Asaka tumani,468505791
17:03,Andijon viloyati,Baliqchi tumani,568132615
17:04,Andijon viloyati,Buloqboshi tumani,314629891
17:05,Andijon viloyati,Bo'ston tumani,350177043
17:06,Andijon viloyati,Jalaquduq tumani,646552501
17:07,Andijon viloyati,Izboskan tumani,482502428
17:08,Andijon viloyati,Marhamat tumani,556299421
17:09,Andijon viloyati,Oltinko'l tumani,373378538
17:10,Andijon viloyati,Paxtaobod tumani,448980006
17:11,Andijon viloyati,Ulug'nor tumani,730124899
17:12,Andijon viloyati,Xo'jaobod tumani,383981050
17:13,Andijon viloyati,Shaxrixon tumani,503439824
17:14,Andijon viloyati,Qo'rg'ontepa tumani,757872774
17:15,Andijon viloyati,Andijon shahri,113032138
17:17,Andijon viloyati,Xonobod shahri,69110901
18:01,Qashqadaryo viloyati,Mirishkor tumani,5123895008
18:02,Qashqadaryo viloyati,Dehqonobod tumani,6466010660
18:03,Qashqadaryo viloyati,Kasbi tumani,1221901806
18:04,Qashqadaryo viloyati,Kitob tumani,2897194404
18:05,Qashqadaryo viloyati,Koson tumani,3081182338
18:06,Qashqadaryo viloyati,Muborak tumani,5143321373
18:07,Qashqadaryo viloyati,Nishon tumani,3455439586
18:08,Qashqadaryo viloyati,Ko'kdala tumani,2849467858
18:09,Qashqadaryo viloyati,Chiroqchi tumani,1900396437
18:10,Qashqadaryo viloyati,Shahrisabz tumani,2681305530
18:11,Qashqadaryo viloyati,Yakkabog' tumani,1837829605
18:12,Qashqadaryo viloyati,Qamashi tumani,4337405622
18:13,Qashqadaryo viloyati,Qarshi tumani,1494197492
18:14,Qashqadaryo viloyati,G'uzor tumani,4344506867
18:15,Qashqadaryo viloyati,Qarshi shahri,147875404
18:16,Qashqadaryo viloyati,Shahrisabz shahri,76710033
19:01,Surxondaryo viloyati,Angor tumani,608729885
19:02,Surxondaryo viloyati,Bandixon tumani,1040199456
19:03,Surxondaryo viloyati,Boysun tumani,5445373184
19:04,Surxondaryo viloyati,Denov tumani,1345524012
19:05,Surxondaryo viloyati,Jarqo'rg'on tumani,1772871778
19:06,Surxondaryo viloyati,Qiziriq tumani,634161767
19:07,Surxondaryo viloyati,Qumqo'rg'on tumani,3704481760
19:08,Surxondaryo viloyati,Muzrabot tumani,1186527039
19:09,Surxondaryo viloyati,Oltinsoy tumani,948775788
19:10,Surxondaryo viloyati,Sariosiyo tumani,6053584556
19:11,Surxondaryo viloyati,Termiz tumani,1353041634
19:12,Surxondaryo viloyati,Uzun tumani,2872038869
19:13,Surxondaryo viloyati,Sherobod tumani,4203323716
19:14,Surxondaryo viloyati,Sho'rchi tumani,1242449837
19:15,Surxondaryo viloyati,Termiz shahri,71929052
20:01,Buxoro viloyati,Buxoro tumani,2227892418
20:02,Buxoro viloyati,Vobkent tumani,504342651
20:03,Buxoro viloyati,Jondor tumani,8636799330
20:04,Buxoro viloyati,Kogon tumani,848236167
20:05,Buxoro viloyati,Olot tumani,5409773363
20:06,Buxoro viloyati,Peshku tumani,15110021573
20:07,Buxoro viloyati,Romitan tumani,7050528235
20:08,Buxoro viloyati,Shofirkon tumani,6480990764
20:09,Buxoro viloyati,Qorovulbozor tumani,3670078808
20:10,Buxoro viloyati,Qorako'l tumani,12048396613
20:11,Buxoro viloyati,G'ijduvon tumani,6586545029
20:12,Buxoro viloyati,Buxoro shahri,135964952
20:14,Buxoro viloyati,Kogon shahri,26932383
21:01,Navoiy viloyati,Konimex tumani,28428948753
21:02,Navoiy viloyati,Navbahor tumani,2556238146
21:03,Navoiy viloyati,Karmana tumani,1698711255
21:04,Navoiy viloyati,Nurota tumani,10243828172
21:05,Navoiy viloyati,Tomdi tumani,64898863496
21:07,Navoiy viloyati,Xatirchi tumani,2345615520
21:08,Navoiy viloyati,Qiziltepa tumani,3781809673
21:09,Navoiy viloyati,Navoiy shahri,103313346
21:10,Navoiy viloyati,Zarafshon shahri,46005279
21:11,Navoiy viloyati,Uchquduq tumani,85654918771
21:12,Navoiy viloyati,G'ozg'on shahri,1036746808
22:01,Xorazm viloyati,Bog'ot tumani,789367727
22:02,Xorazm viloyati,Gurlan tumani,797241968
22:03,Xorazm viloyati,Urganch tumani,783162093
22:04,Xorazm viloyati,Xonqa tumani,761573541
22:05,Xorazm viloyati,Xiva tumani,766715768
22:06,Xorazm viloyati,Shovot tumani,817527547
22:07,Xorazm viloyati,Yangiariq tumani,715975826
22:08,Xorazm viloyati,Yangibozor tumani,619619676
22:09,Xorazm viloyati,Qo'shko'pir tumani,967000511
22:10,Xorazm viloyati,Xazorasp tumani,741305174
22:11,Xorazm viloyati,Urganch shahri,64406145
22:12,Xorazm viloyati,Xiva shahri,60789025
22:13,Xorazm viloyati,Tuproqqal'a tumani,3392723341
23:01,Qoraqalpog'iston respublikasi,Amudaryo tumani,1920520269
23:02,Qoraqalpog'iston respublikasi,Beruniy tumani,7168040711
23:03,Qoraqalpog'iston respublikasi,Bo'zatov tumani,3690949540
23:04,Qoraqalpog'iston respublikasi,Kegeyli tumani,1711190795
23:05,Qoraqalpog'iston respublikasi,Mo'ynoq tumani,73594322886
23:06,Qoraqalpog'iston respublikasi,Nukus tumani,1756328629
23:07,Qoraqalpog'iston respublikasi,Taxtako'pir tumani,39732169568
23:08,Qoraqalpog'iston respublikasi,To'rtko'l tumani,13207847421
23:09,Qoraqalpog'iston respublikasi,Xo'jayli tumani,982856008
23:10,Qoraqalpog'iston respublikasi,Chimboy tumani,2633126292
23:11,Qoraqalpog'iston respublikasi,Shumanay tumani,1492002172
23:12,Qoraqalpog'iston respublikasi,Ellikkala tumani,9926536902
23:13,Qoraqalpog'iston respublikasi,Qanliko'l tumani,1420520859
23:14,Qoraqalpog'iston respublikasi,Qorao'zak tumani,10883102249
23:15,Qoraqalpog'iston respublikasi,Qo'ng'irot tumani,144233632070
23:17,Qoraqalpog'iston respublikasi,Nukus shahri,389698578
23:18,Qoraqalpog'iston respublikasi,Taxiatosh tumani,345331917
