soato_district,kadastr_prefix,name_soato_layer,name_kadastr_layer,type
1703202,17:09,Oltinko'l tumani,Oltinko'l tumani,rural
1703203,17:01,Andijon tumani,Andijon tumani,rural
1703206,17:03,Baliqchi tumani,Baliqchi tumani,rural
1703209,17:05,Bo'ston tumani,Bo'ston tumani,rural
1703210,17:04,Buloqboshi tumani,Buloqboshi tumani,rural
1703211,17:06,Jalaquduq tumani,Jalaquduq tumani,rural
1703214,17:07,Izboskan tumani,Izboskan tumani,rural
1703217,17:11,Ulug'nor tumani,Ulug'nor tumani,rural
1703220,17:14,Qo'rg'ontepa tumani,Qo'rg'ontepa tumani,rural
1703224,17:02,Asaka tumani,Asaka tumani,rural
1703227,17:08,Marxamat tumani,Marhamat tumani,rural
1703230,17:13,Shaxrixon tumani,Shaxrixon tumani,rural
1703232,17:10,Paxtaobod tumani,Paxtaobod tumani,rural
1703236,17:12,Xo'jaobod tumani,Xo'jaobod tumani,rural
1703401,17:15,Andijon shahar,Andijon shahri,city
1703408,17:17,Xonobod shahar,Xonobod shahri,city
1706204,20:05,Olot tumani,Olot tumani,rural
1706207,20:01,Buxoro tumani,Buxoro tumani,rural
1706212,20:02,Vobkent tumani,Vobkent tumani,rural
1706215,20:11,G'ijduvon tumani,G'ijduvon tumani,rural
1706219,20:04,Kogon tumani,Kogon tumani,rural
1706230,20:10,Qorako'l tumani,Qorako'l tumani,rural
1706232,20:09,Qorovulbozor tumani,Qorovulbozor tumani,rural
1706240,20:06,Peshku tumani,Peshku tumani,rural
1706242,20:07,Romitan tumani,Romitan tumani,rural
1706246,20:03,Jondor tumani,Jondor tumani,rural
1706258,20:08,Shofirkon tumani,Shofirkon tumani,rural
1706401,20:12,Buxoro shahar,Buxoro shahri,city
1706403,20:14,Kogon shahar,Kogon shahri,city
1708201,13:01,Arnasoy tumani,Arnasoy tumani,rural
1708204,13:02,Baxmal tumani,Baxmal tumani,rural
1708209,13:03,G'allaorol tumani,G'allaorol tumani,rural
1708212,13:04,Sharof Rashidov tumani,Sharof Rashidov tumani,rural
1708215,13:05,Do'stlik tumani,Do'stlik tumani,rural
1708218,13:08,Zomin tumani,Zomin tumani,rural
1708220,13:06,Zarbdor tumani,Zarbdor tumani,rural
1708223,13:09,Mirzacho'l tumani,Mirzacho'l tumani,rural
1708225,13:07,Zafarobod tumani,Zafarobod tumani,rural
1708228,13:10,Paxtakor tumani,Paxtakor tumani,rural
1708235,13:11,Forish tumani,Forish tumani,rural
1708237,13:12,Yangiobod tumani,Yangiobod tumani,rural
1708401,13:13,Jizzax shahri,Jizzax shahri,city
1710207,18:14,G'uzor tumani,G'uzor tumani,rural
1710212,18:02,Dehqonobod tumani,Dehqonobod tumani,rural
1710220,18:12,Qamashi tumani,Qamashi tumani,rural
1710224,18:13,Qarshi tumani,Qarshi tumani,rural
1710229,18:05,Koson tumani,Koson tumani,rural
1710232,18:04,Kitob tumani,Kitob tumani,rural
1710233,18:01,Mirishkor tumani,Mirishkor tumani,rural
1710234,18:06,Muborak tumani,Muborak tumani,rural
1710235,18:07,Nishon tumani,Nishon tumani,rural
1710237,18:03,Kasbi tumani,Kasbi tumani,rural
1710240,18:08,Ko'kdala tumani,Ko'kdala tumani,rural
1710242,18:09,Chiroqchi tumani,Chiroqchi tumani,rural
1710245,18:10,Shahrisabz tumani,Shahrisabz tumani,rural
1710250,18:11,Yakkabog' tumani,Yakkabog' tumani,rural
1710401,18:15,Qarshi,Qarshi shahri,city
1710405,18:16,Shahrisabz,Shahrisabz shahri,city
1712211,21:01,Konimex tumani,Konimex tumani,rural
1712216,21:08,Qiziltepa tumani,Qiziltepa tumani,rural
1712230,21:02,Navbahor tumani,Navbahor tumani,rural
1712234,21:03,Karmana tumani,Karmana tumani,rural
1712238,21:04,Nurota tumani,Nurota tumani,rural
1712244,21:05,Tomdi tumani,Tomdi tumani,rural
1712248,21:11,Uchquduq tumani,Uchquduq tumani,rural
1712251,21:07,Xatirchi tumani,Xatirchi tumani,rural
1712401,21:09,Navoiy shahar,Navoiy shahri,city
1712408,21:10,Zarafshon shahri,Zarafshon shahri,city
1712412,21:12,G'ozg'on shahri,G'ozg'on shahri,city
1714204,16:02,Mingbuloq tumani,Mingbuloq tumani,rural
1714207,16:01,Kosonsoy tumani,Kosonsoy tumani,rural
1714212,16:03,Namangan tumani,Namangan tumani,rural
1714216,16:04,Norin tumani,Norin tumani,rural
1714219,16:05,Pop tumani,Pop tumani,rural
1714224,16:06,To'raqo'rg'on tumani,To'raqo'rg'on tumani,rural
1714229,16:07,Uychi tumani,Uychi tumani,rural
1714234,16:08,Uchqo'rg'on tumani,Uchqo'rg'on tumani,rural
1714236,16:09,Chortoq tumani,Chortoq tumani,rural
1714237,16:10,Chust tumani,Chust tumani,rural
1714242,16:11,Yangiqo'rg'on tumani,Yangiqo'rg'on tumani,rural
1714401,16:12,Namangan shahri,Namangan shahri,city
1718203,14:08,Oqdaryo tumani,Oqdaryo tumani,rural
1718206,14:01,Bulung'ur tumani,Bulung'ur tumani,rural
1718209,14:02,Jomboy tumani,Jomboy tumani,rural
1718212,14:03,Ishtixon tumani,Ishtixon tumani,rural
1718215,14:05,Kattaqo'rg'on tumani,Kattaqo'rg'on tumani,rural
1718216,14:04,Qo'shrabot tumani,Qo'shrabot tumani,rural
1718218,14:06,Narpay tumani,Narpay tumani,rural
1718224,14:09,Payariq tumani,Payariq tumani,rural
1718227,14:10,Pastdarg'om tumani,Pastdarg'om tumani,rural
1718230,14:11,Paxtachi tumani,Paxtachi tumani,rural
1718233,14:12,Samarqand tumani,Samarqand tumani,rural
1718235,14:07,Nurobod tumani,Nurobod tumani,rural
1718236,14:14,Urgut tumani,Urgut tumani,rural
1718238,14:13,Tayloq tumani,Tayloq tumani,rural
1718401,14:16,Samarqand,Samarqand shahri,city
1718406,14:15,Kattaqo'rg'on,Kattaqo'rg'on shahri,city
1722201,19:09,Oltinsoy tumani,Oltinsoy tumani,rural
1722202,19:01,Angor tumani,Angor tumani,rural
1722203,19:02,Bandixon tumani,Bandixon tumani,rural
1722204,19:03,Boysun tumani,Boysun tumani,rural
1722207,19:08,Muzrabot tumani,Muzrabot tumani,rural
1722210,19:04,Denov tumani,Denov tumani,rural
1722212,19:05,Jarqo'rg'on tumani,Jarqo'rg'on tumani,rural
1722214,19:07,Qumqo'rg'on tumani,Qumqo'rg'on tumani,rural
1722215,19:06,Qiziriq tumani,Qiziriq tumani,rural
1722217,19:10,Sariosiyo tumani,Sariosiyo tumani,rural
1722220,19:11,Termiz tumani,Termiz tumani,rural
1722221,19:12,Uzun tumani,Uzun tumani,rural
1722223,19:13,Sherobod tumani,Sherobod tumani,rural
1722226,19:14,Sho'rchi tumani,Sho'rchi tumani,rural
1722401,19:15,Termiz,Termiz shahri,city
1724206,12:04,Oqoltin tumani,Oqoltin tumani,rural
1724212,12:01,Boyovut tumani,Boyovut tumani,rural
1724216,12:06,Sayxunobod tumani,Sayxunobod tumani,rural
1724220,12:02,Guliston tumani,Guliston tumani,rural
1724226,12:05,Sardoba tumani,Sardoba tumani,rural
1724228,12:03,Mirzaobod tumani,Mirzaobod tumani,rural
1724231,12:07,Sirdaryo tumani,Sirdaryo tumani,rural
1724235,12:08,Xovos tumani,Xovos tumani,rural
1724401,12:10,Guliston,Guliston shahri,city
1724410,12:09,Shirin,Shirin shahri,city
1724413,12:11,Yangiyer,Yangiyer shahri,city
1726262,10:01,Uchtepa tumani,Uchtepa tumani,rural
1726264,10:02,Bektemir tumani,Bektemir tumani,rural
1726266,10:07,Yunusobod tumani,Yunusobod tumani,rural
1726269,10:09,Mirzo ulug'bek tumani,Mirzo ulug'bek tumani,rural
1726273,10:11,Mirobod tumani,Mirobod tumani,rural
1726277,10:10,Shayxontohur tumani,Shayxontohur tumani,rural
1726280,10:08,Olmazor tumani,Olmazor tumani,rural
1726283,10:06,Sirg'ali tumani,Sirg'ali tumani,rural
1726287,10:05,Yakkasaroy tumani,Yakkasaroy tumani,rural
1726290,10:04,Yashnobod tumani,Yashnobod tumani,rural
1726292,10:12,Yangihayot tumani,Yangihayot tumani,rural
1726294,10:03,Chilonzor tumani,Chilonzor tumani,rural
1727206,11:07,Oqqo'rg'on tumani,Oqqo'rg'on tumani,rural
1727212,11:08,Ohangaron tumani,Ohangaron tumani,rural
1727220,11:01,Bekobod tumani,Bekobod tumani,rural
1727224,11:03,Bo'stonliq tumani,Bo'stonliq tumani,rural
1727228,11:02,Bo'ka tumani,Bo'ka tumani,rural
1727233,11:06,Quyichirchiq tumani,Quyichirchiq tumani,rural
1727237,11:04,Zangiota tumani,Zangiota tumani,rural
1727239,11:14,Yuqorichirchiq tumani,Yuqorichirchiq tumani,rural
1727248,11:05,Qibray tumani,Qibray tumani,rural
1727249,11:09,Parkent tumani,Parkent tumani,rural
1727250,11:10,Pskent tumani,Pskent tumani,rural
1727253,11:12,O'rtachirchiq tumani,O'rtachirchiq tumani,rural
1727256,11:13,Chinoz tumani,Chinoz tumani,rural
1727259,11:15,Yangiyo'l tumani,Yangiyo'l tumani,rural
1727265,11:11,Toshkent tumani,Toshkent tumani,rural
1727401,11:21,Nurafshon,Nurafshon shahri,city
1727404,11:18,Olmaliq,Olmaliq shahri,city
1727407,11:16,Angren,Angren shahri,city
1727413,11:17,Bekobod,Bekobod shahri,city
1727415,11:19,Ohangaron,Ohangaron shahri,city
1727419,11:20,Chirchiq,Chirchiq shahri,city
1727424,11:22,Yangiyo'l,Yangiyo'l shahri,city
1730203,15:07,Oltiariq tumani,Oltiariq tumani,rural
1730206,15:08,Qo'shtepa tumani,Qo'shtepa tumani,rural
1730209,15:01,Bog'dod tumani,Bog'dod tumani,rural
1730212,15:03,Buvayda tumani,Buvayda tumani,rural
1730215,15:02,Beshariq tumani,Beshariq tumani,rural
1730218,15:06,Quva tumani,Quva tumani,rural
1730221,15:12,Uchko'prik tumani,Uchko'prik tumani,rural
1730224,15:09,Rishton tumani,Rishton tumani,rural
1730226,15:10,So'x tumani,So'x tumani,rural
1730227,15:11,Toshloq tumani,Toshloq tumani,rural
1730230,15:15,O'zbekiston tumani,O'zbekiston tumani,rural
1730233,15:13,Farg'ona tumani,Farg'ona tumani,rural
1730236,15:04,Dang'ara tumani,Dang'ara tumani,rural
1730238,15:14,Furqat tumani,Furqat tumani,rural
1730242,15:05,Yozyovon tumani,Yozyovon tumani,rural
1730401,15:20,Farg'ona shahri,Farg'ona shahri,city
1730405,15:16,Qo'qon shahri,Qo'qon shahri,city
1730408,15:18,Quvasoy shahri,Quvasoy shahri,city
1730412,15:19,Marg'ilon shahar,Marg'ilon shahri,city
1733204,22:01,Bog'ot tumani,Bog'ot tumani,rural
1733208,22:02,Gurlan tumani,Gurlan tumani,rural
1733212,22:09,Qo'shko'pir tumani,Qo'shko'pir tumani,rural
1733217,22:03,Urganch tumani,Urganch tumani,rural
1733220,22:10,Xazorasp tumani,Xazorasp tumani,rural
1733221,22:13,Tuproqqal'a tumani,Tuproqqal'a tumani,rural
1733223,22:04,Xonqa tumani,Xonqa tumani,rural
1733226,22:05,Xiva tumani,Xiva tumani,rural
1733230,22:06,Shovot tumani,Shovot tumani,rural
1733233,22:07,Yangiariq tumani,Yangiariq tumani,rural
1733236,22:08,Yangibozor tumani,Yangibozor tumani,rural
1733401,22:11,Urganch,Urganch shahri,city
1733406,22:12,Xiva,Xiva shahri,city
1735204,23:01,Amudaryo tumani,Amudaryo tumani,rural
1735207,23:02,Beruniy tumani,Beruniy tumani,rural
1735209,23:03,Bo'zatov tumani,Bo'zatov tumani,rural
1735211,23:14,Qorao'zak tumani,Qorao'zak tumani,rural
1735212,23:04,Kegeyli tumani,Kegeyli tumani,rural
1735215,23:15,Qo'ng'irot tumani,Qo'ng'irot tumani,rural
1735218,23:13,Qanliko'l tumani,Qanliko'l tumani,rural
1735222,23:05,Mo'ynoq tumani,Mo'ynoq tumani,rural
1735225,23:06,Nukus tumani,Nukus tumani,rural
1735228,23:18,Taxiatosh tumani,Taxiatosh tumani,rural
1735230,23:07,Taxtako'pir tumani,Taxtako'pir tumani,rural
1735233,23:08,To'rtko'l tumani,To'rtko'l tumani,rural
1735236,23:09,Xo'jayli tumani,Xo'jayli tumani,rural
1735240,23:10,Chimboy tumani,Chimboy tumani,rural
1735243,23:11,Shumanay tumani,Shumanay tumani,rural
1735250,23:12,Ellikkala tumani,Ellikkala tumani,rural
1735401,23:17,Nukus,Nukus shahri,city
