SOURCE_ID,source_title,organization,source_type,publication_date,data_reference_date,URL,what_data_was_extracted,geographic_scope,official_or_secondary,confidence,comments
S01,Milliy geoaxborot portali - UZKAD/MAHALLA_UZKAD_DB16 FeatureServer,Kadastr agentligi / Davlat kadastr palatasi,Government GIS REST API,live service,2026-03-14 .. 2026-08-27,https://db.ngis.uz/db/rest/services/UZKAD/MAHALLA_UZKAD_DB16/FeatureServer/0,"402 official mahalla polygons for Tashkent City with cadastral_number, mahalla_name, district_name, soato_district",Tashkent City (national service),OFFICIAL,A,The single most important source in this dataset. Reached via the userʼs browser; blocked from the research container by egress policy.
S02,Milliy geoaxborot portali - Hosted/TUMAN_BORDER FeatureServer,Kadastr agentligi,Government GIS REST API,live service,current,https://db.ngis.uz/db/rest/services/Hosted/TUMAN_BORDER/FeatureServer/2,12 official Tashkent district polygons + prefix codes + st_area_sh,Uzbekistan,OFFICIAL,A,st_area_sh is a Web-Mercator area - inflated ~1.772x. Areas in this dataset were recomputed geodesically.
S03,Etirof open cadastre - neighborhoods register,Kadastr agentligi,Government JSON API,live service,2026-09-18,https://api-etirof.kadastr.uz/api/v1/commons/selects/neighborhoods,"Complete register of 585 Tashkent MFY names + 10-digit SOATO codes (9,473 nationwide)",Uzbekistan,OFFICIAL,A,Per-district counts independently match the 2023-2024 City Kengash decisions exactly.
S04,Etirof open cadastre - districts register,Kadastr agentligi,Government JSON API,live service,2026-09-18,https://api-etirof.kadastr.uz/api/v1/commons/selects/districts,SOATO codes for all 12 Tashkent districts,Uzbekistan,OFFICIAL,A,Resolved the SOATO gap that the stat.uz classifier PDFs could not.
S05,SIAT regional statistics module,Milliy statistika qoʻmitasi,Government JSON API,live,2026 Q1 (2026-01-01),https://hudud.stat.uz/api/v1/gis/regions/?parent__isnull=false&parent_soato=1726,Permanent population for all 12 Tashkent districts,Tashkent City,OFFICIAL,B,Portal displays a TEST MODE banner and states no licence. Quarterly series 2024Q1-2026Q1 available per district.
S06,Demografiya (Tashkent City statistical bulletin),Toshkent shahar statistika boshqarmasi,Government PDF,2025-10-27,2025-10-01,https://toshstat.uz/2025/Demografya/Demografiya.pdf,"Per-district population for all 12 districts; city total 3,164.0 thousand",Tashkent City,OFFICIAL,A,District figures sum exactly to the stated city total - internal consistency check passed.
S07,2026 aholi roʻyxatga olish - preliminary results,Milliy statistika qoʻmitasi,Government PDF (67 pp),2026-07-07,2026-01-15,https://aholi.stat.uz/images/07.07.2026/kitob-uzb_p76729.pdf,"Uzbekistan 39,047,321; Tashkent City 3,224,838 (100% urban)",Uzbekistan,OFFICIAL,A,First post-Soviet census. IMPORTANT: no tuman or mahalla breakdown published as of 2026-09-18.
S08,Cabinet of Ministers Resolution No. 48 of 04.03.2014,Vazirlar Mahkamasi,Legal act,2014-03-04,in force,https://www.lex.uz/uz/docs/-2349371,Legal definition of how mahalla boundaries are established (art. 26-30),Uzbekistan,OFFICIAL,A,Art. 27: boundary described textually by streets and landmarks. Art. 26: must also be drawn at 1:2000 for cities. Art. 28: the State Cadastral Chamber produces the drawing. This is why an official polygon layer exists at all.
S09,Decision No. 124/15-5 of 12.07.2016,Xalq deputatlari Toshkent shahar Kengashi,Legal act,2016-07-12,2016-07-12,https://lex.uz/ru/docs/3073794,Baseline: boundaries of the then 505 Tashkent mahallas,Tashkent City,OFFICIAL,A,Historical baseline; superseded by the 2023-2024 decisions.
S10,Decision No. 417/47-5 of 12.01.2019,Xalq deputatlari Toshkent shahar Kengashi,Legal act,2019-01-12,2019-06-04,https://lex.uz/docs/4427233,Mahalla split and two renames; city total 505 -> 508,Tashkent City,OFFICIAL,A,NULL
S11,Legislative Chamber Resolution No. 443-IV of 08.09.2020,Oliy Majlis Qonunchilik palatasi,Legal act,2020-09-08,2020-09-08,https://lex.uz/docs/5187492,Creation of Yangihayot tumani; list of transferred mahallas and hectares,Tashkent City / Region,OFFICIAL,A,The corresponding Senate resolution number could not be located on lex.uz.
S12,Cabinet of Ministers Resolution No. PQ-4888 of 11.11.2020,Vazirlar Mahkamasi,Legal act,2020-11-11,2020-11-12,https://lex.uz/docs/5094720,Establishment of the Yangihayot district hokimiyat,Tashkent City,OFFICIAL,A,NULL
S13,Cabinet of Ministers Resolution No. 702 of 19/20.11.2021,Vazirlar Mahkamasi,Legal act,2021-11-19,2021-08-27,https://lex.uz/uz/docs/5735284,"Implementation of the 2021 city/region boundary change (+7,853.3 / -171.3 ha)",Tashkent City / Region,OFFICIAL,A,Underlying parliamentary resolution number NOT FOUND despite extensive search.
S14,Cabinet of Ministers Resolution No. 294 of 20.05.2024,Vazirlar Mahkamasi,Legal act,2024-05-20,2024-05-20,https://lex.uz/docs/6931873,Mandate to register all mahallas nationally with precise boundaries,Uzbekistan,OFFICIAL,A,Legal driver behind the current cadastre mahalla layer.
S15,Presidium of Supreme Soviet Decrees 579-XII and 580-XII of 08.05.1992,Oliy Kengash Rayosati,Legal act,1992-05-08,1992-05-08,https://lex.uz/ru/docs/281121,"Renaming of Kirov, Lenin, Oktyabr, Frunze and Kuybishev districts",Tashkent City,OFFICIAL,A,Corrects the widespread claim that Kuybishev became Mirobod; it became Mirzo Ulugʻbek.
S16,Senate Resolution No. 39-I of 06.05.2005,Oliy Majlis Senati,Legal act,2005-05-06,2005-05-06,https://www.lex.uz/docs/1154885,Akmal Ikromov -> Uchtepa,Tashkent City,OFFICIAL,A,NULL
S17,Senate Resolution No. 133-II of 04.12.2010,Oliy Majlis Senati,Legal act,2010-12-04,2010-12-04,https://lex.uz/ru/docs/2949066,Sobir Rahimov -> Olmazor,Tashkent City,OFFICIAL,A,NULL
S18,Senate Resolution No. PS-441-II of 29.08.2014,Oliy Majlis Senati,Legal act,2014-08-29,2014-08-29,https://www.lex.uz/ru/docs/2466827,Hamza -> Yashnobod,Tashkent City,OFFICIAL,A,NULL
S19,Presidential Decree No. PF-22 of 16.02.2026,Oʻzbekiston Respublikasi Prezidenti,Legal act,2026-02-16,2026,https://lex.uz/docs/8050787,2026 declared the Year of Mahalla Development,Uzbekistan,OFFICIAL,A,Signals further mahalla-level change during 2026.
S20,Toshkent mahallalari,Uzbek Wikipedia,Tertiary compilation,~2025,2024-10-25,https://uz.wikipedia.org/wiki/Toshkent_mahallalari,Per-district mahalla counts and the numbers/dates of the 2023-2024 Kengash decisions,Tashkent City,SECONDARY,C,Used ONLY for the decision numbers and the 585 total - both independently confirmed against the official cadastre register (S03).
S21,"Decision No. III-17-97-14-198-K/25 of 30.12.2025 (Bektemir land-tax coefficients, Annex 1)",Xalq deputatlari Bektemir tumani Kengashi,Legal act (PDF),2025-12-30,2026 tax year,https://kengash.gov.uz/bektemir/documents/229609,Enumeration of all 18 current Bektemir mahallas,Bektemir district,OFFICIAL,A,Confirms the 18-mahalla count independently of S03. Demonstrates that district land-tax decisions enumerate every current mahalla - a reusable route for per-district verification via kengash.gov.uz.
S22,Tashkent City Administration - districts,Toshkent shahar hokimligi,Government website,current,2026-09-18,https://tashkent.uz/en/districts,Confirms exactly 12 current districts,Tashkent City,OFFICIAL,A,NULL
S23,Government portal - Tashkent district hokimiyats,Oʻzbekiston Respublikasi hukumat portali,Government website,current,2026-09-18,https://gov.uz/oz/toshkent/departments/regional,"District list, addresses, some areas and populations (mostly undated)",Tashkent City,OFFICIAL,C,"Several district pages carry no data; figures given are undated and in places stale or inconsistent (e.g. Sergeli ""over 226,000"" vs 177,700 official)."
S24,Kun.uz / Gazeta.uz / Daryo.uz / Podrobno.uz reporting on the 2020-2021 boundary changes,Various Uzbek media,News,2020-2021,2020-2021,https://kun.uz/uz/news/2021/08/27/toshkent-viloyati-va-toshkent-shahri-chegaralari-ozgartirildi,Hectare-level detail of the 2021 city/region transfer and affected population,Tashkent City / Region,SECONDARY,C,Used for detail that the primary acts did not expose; all headline facts cross-checked against S13.
S25,New Tashkent reporting,"Gazeta.uz, Kun.uz, Spot.uz",News,2023-2025,2023-2025,https://www.gazeta.uz/oz/2023/11/11/new-tashkent/,"Status of the proposed ""Yangi Toshkent"" 13th district",Tashkent City / Region,SECONDARY,C,"Explicitly recorded as PROPOSED, NOT ENACTED."
